sha256,source,family,is_malware,confidence,vt_detections,gt_reason,apk_path
00000a7eacfd7e392ea3aaee14bec0224e62bf72823a8101f6717d704dce3a79,AndroZoo,Detected,yes,low,2,vt_detected_1,D:\DroidForensix\samples\malware\androzoo\00000a7eacfd7e392ea3aaee14bec0224e62bf72823a8101f6717d704dce3a79.apk
00001f58c32e40376f64cc88b70f8fad2fda054e0863abd5e41f4c6f18a65da2,AndroZoo,Adware,yes,high,27,vt_consensus_27,D:\DroidForensix\samples\malware\androzoo\00001f58c32e40376f64cc88b70f8fad2fda054e0863abd5e41f4c6f18a65da2.apk
0000237117863e534ceec544bc9460f09b542d48260c2e045174d03e65ad5c28,AndroZoo,Secapk,yes,high,26,vt_consensus_26,D:\DroidForensix\samples\malware\androzoo\0000237117863e534ceec544bc9460f09b542d48260c2e045174d03e65ad5c28.apk
000026e846ffcf60e2a9e135251b4f411300e903dce95d47989b24158e93bb3d,AndroZoo,Agent,yes,medium,8,vt_detected_8,D:\DroidForensix\samples\malware\androzoo\000026e846ffcf60e2a9e135251b4f411300e903dce95d47989b24158e93bb3d.apk
000027d1da96332efcb54af76906a7298121ebcccdab3d7dce999f8043e74ee7,AndroZoo,AndroidOS,yes,high,38,vt_consensus_38,D:\DroidForensix\samples\malware\androzoo\000027d1da96332efcb54af76906a7298121ebcccdab3d7dce999f8043e74ee7.apk
000027f4b7f5bd3bb48921aacc816ef937a0c91bb6e9e4c423db1f524bcaf32e,AndroZoo,Trojan ( 0001140e1 ),yes,medium,5,vt_detected_5,D:\DroidForensix\samples\malware\androzoo\000027f4b7f5bd3bb48921aacc816ef937a0c91bb6e9e4c423db1f524bcaf32e.apk
00002d74a9faa53f5199c910b652ef09d3a7f6bd42b693755a233635c3ffb0f4,AndroZoo,GinMaster,yes,high,39,vt_consensus_39,D:\DroidForensix\samples\malware\androzoo\00002d74a9faa53f5199c910b652ef09d3a7f6bd42b693755a233635c3ffb0f4.apk
0000511d5c2a99b303afd14d2acde3ebbad5c3426039679b25f24510a87b381c,AndroZoo,Android/Packed,yes,high,12,vt_consensus_12,D:\DroidForensix\samples\malware\androzoo\0000511d5c2a99b303afd14d2acde3ebbad5c3426039679b25f24510a87b381c.apk
00005b6b8fdd182a2f7ff41fe9738cdde5d39af500d60df38ae618bd76082cb5,AndroZoo,AndroidOS,yes,medium,8,vt_detected_8,D:\DroidForensix\samples\malware\androzoo\00005b6b8fdd182a2f7ff41fe9738cdde5d39af500d60df38ae618bd76082cb5.apk
00005be947a8f108382b59ced7d1e95871a68539c00ff53fd3e1d93c58e2ba6c,AndroZoo,Dowgin,yes,high,27,vt_consensus_27,D:\DroidForensix\samples\malware\androzoo\00005be947a8f108382b59ced7d1e95871a68539c00ff53fd3e1d93c58e2ba6c.apk
0000636f9c57d0adad87ffcfb4aa0ad71aefea915b4cd6267ee5de15e2de15a9,AndroZoo,AppRisk,yes,medium,5,vt_detected_5,D:\DroidForensix\samples\malware\androzoo\0000636f9c57d0adad87ffcfb4aa0ad71aefea915b4cd6267ee5de15e2de15a9.apk
00006453637aaa1deb7938bff60fe146927ae1611e8fb0c1741f7c75cca1dc53,AndroZoo,Jiagu,yes,medium,9,vt_detected_9,D:\DroidForensix\samples\malware\androzoo\00006453637aaa1deb7938bff60fe146927ae1611e8fb0c1741f7c75cca1dc53.apk
0000689bf34a969056e8190b4421945b098b890e1ea7001003a78bd13825b5db,AndroZoo,Adware,yes,high,25,vt_consensus_25,D:\DroidForensix\samples\malware\androzoo\0000689bf34a969056e8190b4421945b098b890e1ea7001003a78bd13825b5db.apk
0000764713b286cfe7e8e76c7038c92312977712d9c5a86d504be54f3c1d025a,AndroZoo,FakeInst,yes,high,40,vt_consensus_40,D:\DroidForensix\samples\malware\androzoo\0000764713b286cfe7e8e76c7038c92312977712d9c5a86d504be54f3c1d025a.apk
000086eb3bd03827407aef16d67de013d4242d9910b0fc74bb77f8be486a1156,AndroZoo,Adware,yes,high,16,vt_consensus_16,D:\DroidForensix\samples\malware\androzoo\000086eb3bd03827407aef16d67de013d4242d9910b0fc74bb77f8be486a1156.apk
000091f2fac1083dc578240acf9d24ede3ce7b9f9e517b37f44a2cdae0ff0fb3,AndroZoo,Adware,yes,high,27,vt_consensus_27,D:\DroidForensix\samples\malware\androzoo\000091f2fac1083dc578240acf9d24ede3ce7b9f9e517b37f44a2cdae0ff0fb3.apk
00009ae5a877e56bb367d919f4393414bb49ffef94c84ae122f8c85a9ad522c3,AndroZoo,Jiagu,yes,high,11,vt_consensus_11,D:\DroidForensix\samples\malware\androzoo\00009ae5a877e56bb367d919f4393414bb49ffef94c84ae122f8c85a9ad522c3.apk
00009c58545b6b6fa22f5c2be900abb1b4029acf7ac57196d97fd1c0298886e2,AndroZoo,Jiagu,yes,medium,8,vt_detected_7,D:\DroidForensix\samples\malware\androzoo\00009c58545b6b6fa22f5c2be900abb1b4029acf7ac57196d97fd1c0298886e2.apk
0000a053de676b4d381cc35632d0e5ab67c098bd2c8fb55571750c07f888c465,AndroZoo,AndroidOS,yes,high,17,vt_consensus_17,D:\DroidForensix\samples\malware\androzoo\0000a053de676b4d381cc35632d0e5ab67c098bd2c8fb55571750c07f888c465.apk
0000a6d452d58424a8b7613f175af5937f590033616b808bf8c0445695f82541,AndroZoo,Adware,yes,high,23,vt_consensus_23,D:\DroidForensix\samples\malware\androzoo\0000a6d452d58424a8b7613f175af5937f590033616b808bf8c0445695f82541.apk
0000b2ee9720dd6028e5cac22cb3689f1b67dd26113b30c3d2698c362809b892,AndroZoo,Cnzz,yes,high,29,vt_consensus_29,D:\DroidForensix\samples\malware\androzoo\0000b2ee9720dd6028e5cac22cb3689f1b67dd26113b30c3d2698c362809b892.apk
0000bbba321e673b89da37baf825c9e28c66ba72535fb42d11f8b5c35ae53abb,AndroZoo,Adware,yes,high,25,vt_consensus_25,D:\DroidForensix\samples\malware\androzoo\0000bbba321e673b89da37baf825c9e28c66ba72535fb42d11f8b5c35ae53abb.apk
0000bbe0733122b3872576fb080df7fded864325f193b36acf0fcb9e0a74c5d8,AndroZoo,Dowgin,yes,high,28,vt_consensus_28,D:\DroidForensix\samples\malware\androzoo\0000bbe0733122b3872576fb080df7fded864325f193b36acf0fcb9e0a74c5d8.apk
0000c26310f1042ba3c2755a44addd13d1befb90ee1041b47585529eb3757c07,AndroZoo,Adware,yes,high,28,vt_consensus_28,D:\DroidForensix\samples\malware\androzoo\0000c26310f1042ba3c2755a44addd13d1befb90ee1041b47585529eb3757c07.apk
0000d3e05cfad4c3f301f8b47986354aaca80ac236c5934ec287d91e3efc037b,AndroZoo,Secapk,yes,high,28,vt_consensus_28,D:\DroidForensix\samples\malware\androzoo\0000d3e05cfad4c3f301f8b47986354aaca80ac236c5934ec287d91e3efc037b.apk
0000d4ba8d3decb4403a8e3bc94347552469aa761e34763da22602da891619f5,AndroZoo,Linux,yes,high,29,vt_consensus_29,D:\DroidForensix\samples\malware\androzoo\0000d4ba8d3decb4403a8e3bc94347552469aa761e34763da22602da891619f5.apk
003d2fd8ef8fc9d4765e4bbc650ecd20ef339be94606486629c003f683cb5982,abusech,Agent,yes,high,35,vt_consensus_35,D:\DroidForensix\samples\malware\abusech\hydra_003d2fd8ef8fc9d4765e4bbc650ecd20ef339be94606486629c003f683cb5982.apk
00696116790f5c398de19e9184da0b32ac011bc30e9c18e14ca8ffd2c3dec7b8,androzoo_drebin,FakeInst,yes,high,40,vt_consensus_36,D:\DroidForensix\samples\malware\androzoo_drebin\FakeInstaller_00696116790f5c398de19e9184da0b32ac011bc30e9c18e14ca8ffd2c3dec7b8.apk
016ab069253276cbface350265f0a2d5f10f38e3c7888dcc976698216c2bdeea,androzoo_drebin,Backdoor,yes,high,39,vt_consensus_39,D:\DroidForensix\samples\malware\androzoo_drebin\SerBG_016ab069253276cbface350265f0a2d5f10f38e3c7888dcc976698216c2bdeea.apk
018f8548c055a31d98201874ebf21591e6d85cb9eee66e8c35716a9289d01f48,abusech,AndroidOS,yes,high,22,vt_consensus_22,D:\DroidForensix\samples\malware\abusech\unknown_018f8548c055a31d98201874ebf21591e6d85cb9eee66e8c35716a9289d01f48.apk
022c88f2397b59ef6394db385163b1ed44c5a4b720f667ca3b91983b04f89433,androzoo_drebin,Opfake,yes,high,40,vt_consensus_40,D:\DroidForensix\samples\malware\androzoo_drebin\Opfake_022c88f2397b59ef6394db385163b1ed44c5a4b720f667ca3b91983b04f89433.apk
025ab95fa2b88dabc0894d575ae0b961f1b22c2da2adf1569c35ba1a7e776970,androzoo_drebin,Kmin,yes,high,37,vt_consensus_37,D:\DroidForensix\samples\malware\androzoo_drebin\Kmin_025ab95fa2b88dabc0894d575ae0b961f1b22c2da2adf1569c35ba1a7e776970.apk
03385b42f9dffe697a883aac40042188e658145e8d67e0dab9d665501d7e02aa,androzoo_drebin,Opfake,yes,high,32,existing:gt_json,D:\DroidForensix\samples\malware\androzoo_drebin\Opfake_03385b42f9dffe697a883aac40042188e658145e8d67e0dab9d665501d7e02aa.apk
03818f12d9e7676c30efceb7b4815106406a4dc7507bb3e12c05a37f7879e183,modern_eval,Android/Agent,yes,high,20,vt_consensus_20,D:\DroidForensix\samples\malware\modern_eval\03818f12d9e7676c30efceb7b4815106406a4dc7507bb3e12c05a37f7879e183.apk
03a2c97e0ed693d31b8974b2383f2ccb2b3d5a6046042e242085c9817855b1cb,androzoo_drebin,AndroidOS,yes,high,41,vt_consensus_39,D:\DroidForensix\samples\malware\androzoo_drebin\Opfake_03a2c97e0ed693d31b8974b2383f2ccb2b3d5a6046042e242085c9817855b1cb.apk
0400c00cbcc6834ade203f8d515f5932972a3861256a9a7ca0a46638eec2a83e,abusech,Gen,yes,high,21,vt_consensus_21,D:\DroidForensix\samples\malware\abusech\unknown_0400c00cbcc6834ade203f8d515f5932972a3861256a9a7ca0a46638eec2a83e.apk
050d91cde706f7c981f90878dbd50d92038caeedd38852a10e018e57f188e79b,abusech,AndroidOS,yes,high,21,vt_consensus_21,D:\DroidForensix\samples\malware\abusech\unknown_050d91cde706f7c981f90878dbd50d92038caeedd38852a10e018e57f188e79b.apk
0526cff3ebb1fbfa493cf982fcba85409ae692157b25f9046469576bf58e8c4d,androzoo_drebin,FakeTimer,yes,high,37,existing:gt_json,D:\DroidForensix\samples\malware\androzoo_drebin\FakeTimer_0526cff3ebb1fbfa493cf982fcba85409ae692157b25f9046469576bf58e8c4d.apk
05a2da9df1b4aed78e16349c17443ccd83cb48ed9e38e38d0c0b6ce808a9c2a8,modern_eval,SpyNote,yes,medium,0,existing:modern,D:\DroidForensix\samples\malware\modern_eval\05a2da9df1b4aed78e16349c17443ccd83cb48ed9e38e38d0c0b6ce808a9c2a8.apk
07e47fbf43c585155ddcdae49c3330c00ceceedf6c9f98432cf631769a21b206,androzoo_drebin,Opfake,yes,high,35,vt_consensus_35,D:\DroidForensix\samples\malware\androzoo_drebin\Opfake_07e47fbf43c585155ddcdae49c3330c00ceceedf6c9f98432cf631769a21b206.apk
090a30252991830596c75a945885ca3100d7a40edf4a16d78abd5bbfd90ba268,abusech,AndroidOS,yes,high,22,vt_consensus_22,D:\DroidForensix\samples\malware\abusech\unknown_090a30252991830596c75a945885ca3100d7a40edf4a16d78abd5bbfd90ba268.apk
090b5be26bcc4df6186124c2b47831eb96761fcf61282d63e13fa235a20c7539,androzoo_drebin,Plankton,yes,high,21,existing:gt_json,D:\DroidForensix\samples\malware\androzoo_drebin\Plankton_090b5be26bcc4df6186124c2b47831eb96761fcf61282d63e13fa235a20c7539.apk
091870b3f90c9a98000e0d14a67be2db5891ce98a0b1e24b721e3d96241620a5,abusech,AndroidOS,yes,high,23,vt_consensus_23,D:\DroidForensix\samples\malware\abusech\unknown_091870b3f90c9a98000e0d14a67be2db5891ce98a0b1e24b721e3d96241620a5.apk
0a02bda89021ac18c0c57979ea3c9d82c1054b5c9b375975401e3e21a2f4905a,modern_eval,Linux,yes,high,25,vt_consensus_25,D:\DroidForensix\samples\malware\modern_eval\0a02bda89021ac18c0c57979ea3c9d82c1054b5c9b375975401e3e21a2f4905a.apk
0a394ec6d7c750349a54d4893b83df31072900e804ce4845dcae763348c2e187,androzoo_drebin,Opfake,yes,high,38,vt_consensus_38,D:\DroidForensix\samples\malware\androzoo_drebin\Opfake_0a394ec6d7c750349a54d4893b83df31072900e804ce4845dcae763348c2e187.apk
0bc98459a42d1d0108a882671f4496f214f8a68400810b9e034cdd7212f5a4fa,modern_eval,SpyNote,yes,medium,0,existing:modern,D:\DroidForensix\samples\malware\modern_eval\0bc98459a42d1d0108a882671f4496f214f8a68400810b9e034cdd7212f5a4fa.apk
0be115e1e9b74780151148ea021f7d3e43ebc5e7dff808a890338f9e5a31427a,modern_eval,SMSreg,yes,high,23,vt_consensus_23,D:\DroidForensix\samples\malware\modern_eval\0be115e1e9b74780151148ea021f7d3e43ebc5e7dff808a890338f9e5a31427a.apk
0bfcd97d3b690babe1e96ec91af451e6f043edda34b9895e822c2e1ae2e21787,modern_eval,AndroidOS,yes,high,27,vt_consensus_27,D:\DroidForensix\samples\malware\modern_eval\0bfcd97d3b690babe1e96ec91af451e6f043edda34b9895e822c2e1ae2e21787.apk
0c5f6f74735692fce876d86c95d36c74df88eec9647853590ee8ec9b1fabfce1,androzoo_drebin,FakeInstaller,yes,high,32,existing:gt_json,D:\DroidForensix\samples\malware\androzoo_drebin\FakeInstaller_0c5f6f74735692fce876d86c95d36c74df88eec9647853590ee8ec9b1fabfce1.apk
0c8890bd550dd21cc5b0feb9ad101984e194719b2656ac904b7aefb35765b15f,androzoo_drebin,SpyHasb,yes,high,30,vt_consensus_30,D:\DroidForensix\samples\malware\androzoo_drebin\SpyHasb_0c8890bd550dd21cc5b0feb9ad101984e194719b2656ac904b7aefb35765b15f.apk
0ca64e19e09d8af20a7a9269aca259da3406c5fd1c3627f92fb601af2c2d7d9a,androzoo_drebin,a,yes,high,34,vt_consensus_31,D:\DroidForensix\samples\malware\androzoo_drebin\Plankton_0ca64e19e09d8af20a7a9269aca259da3406c5fd1c3627f92fb601af2c2d7d9a.apk
0e9cb2bb3435c2f4e5893b5a28982337f96621b11ddc48cb73c14ce7910f825a,modern_eval,AndroidOS,yes,high,25,vt_consensus_25,D:\DroidForensix\samples\malware\modern_eval\0e9cb2bb3435c2f4e5893b5a28982337f96621b11ddc48cb73c14ce7910f825a.apk
0f021e137e7d3ef426d85f373f64ac53f1ee6c26efd2772cdc9ccb95ff09f9e4,androzoo_drebin,BaseBridge,yes,high,33,existing:gt_json,D:\DroidForensix\samples\malware\androzoo_drebin\BaseBridge_0f021e137e7d3ef426d85f373f64ac53f1ee6c26efd2772cdc9ccb95ff09f9e4.apk
1035296bb576144475b684a9f703fc0220e8c0107a9e7e87c4bf76f72496b6c4,androzoo_drebin,FakeInstaller,yes,high,35,existing:gt_json,D:\DroidForensix\samples\malware\androzoo_drebin\FakeInstaller_1035296bb576144475b684a9f703fc0220e8c0107a9e7e87c4bf76f72496b6c4.apk
10c902a0bb9645ee71ae95528fe90580120e628db17dcdefe8bf7ad4b4bbfc01,androzoo_drebin,Wooboo,yes,high,31,vt_consensus_31,D:\DroidForensix\samples\malware\androzoo_drebin\GinMaster_10c902a0bb9645ee71ae95528fe90580120e628db17dcdefe8bf7ad4b4bbfc01.apk
10f2dcb4f070e9bf8182512e2c3de42d583aceecdcb606298e7e76175430e307,androzoo_drebin,Iconosys,yes,high,35,vt_consensus_35,D:\DroidForensix\samples\malware\androzoo_drebin\Iconosys_10f2dcb4f070e9bf8182512e2c3de42d583aceecdcb606298e7e76175430e307.apk
11172b2f0ccaa49ab486b313bb61cfb8900126b15541540acf42ad73cf096133,androzoo_drebin,Airpush,yes,high,33,vt_consensus_33,D:\DroidForensix\samples\malware\androzoo_drebin\Plankton_11172b2f0ccaa49ab486b313bb61cfb8900126b15541540acf42ad73cf096133.apk
126012e515b74d7ceb3f21535a4bac4730fc990b1ab87ab22355809da0f5eb70,modern_eval,Application,yes,high,30,vt_consensus_30,D:\DroidForensix\samples\malware\modern_eval\126012e515b74d7ceb3f21535a4bac4730fc990b1ab87ab22355809da0f5eb70.apk
13055eb9348525e119e0012172f39727a870a420ee54ffe562ea42d6cb6724f4,androzoo_drebin,Plankton,yes,high,16,existing:gt_json,D:\DroidForensix\samples\malware\androzoo_drebin\Plankton_13055eb9348525e119e0012172f39727a870a420ee54ffe562ea42d6cb6724f4.apk
1370ba86f4c12ff1a8a0dd987b2be79a6ed13f7765e05b9711c544a7a2f288ea,abusech,Banker,yes,high,26,vt_consensus_26,D:\DroidForensix\samples\malware\abusech\unknown_1370ba86f4c12ff1a8a0dd987b2be79a6ed13f7765e05b9711c544a7a2f288ea.apk
13792ea5da63cc800e9c1cb1944d2ed66dedc2a2dfa940dbcd8828aa47c8b6ea,androzoo_drebin,a,yes,high,34,vt_consensus_34,D:\DroidForensix\samples\malware\androzoo_drebin\Plankton_13792ea5da63cc800e9c1cb1944d2ed66dedc2a2dfa940dbcd8828aa47c8b6ea.apk
149bde78b32be3c4c25379dd6c3310ce08eaf58804067a9870cfe7b4f51e62fe,androzoo_drebin,Plankton,yes,high,29,existing:gt_json,D:\DroidForensix\samples\malware\androzoo_drebin\Plankton_149bde78b32be3c4c25379dd6c3310ce08eaf58804067a9870cfe7b4f51e62fe.apk
14b005352c07490b3689ac4eb187eb68d2b50cd135e57e1bca2f3469b10e2dd5,abusech,AndroidOS,yes,high,30,vt_consensus_30,D:\DroidForensix\samples\malware\abusech\ermac_14b005352c07490b3689ac4eb187eb68d2b50cd135e57e1bca2f3469b10e2dd5.apk
14bafc31ee9bce174bca7df1c35d3b0ec11c573a1b0e3ecb1d5001409de1aeb5,modern_eval,AndroidOS,yes,high,26,vt_consensus_26,D:\DroidForensix\samples\malware\modern_eval\14bafc31ee9bce174bca7df1c35d3b0ec11c573a1b0e3ecb1d5001409de1aeb5.apk
1ba4bb9f0990697fa0c3b12ddf2d1f31ef385e14556c081f3f5e30dcbbf50f1a,modern_eval,AndroidOS,yes,high,23,vt_consensus_23,D:\DroidForensix\samples\malware\modern_eval\1ba4bb9f0990697fa0c3b12ddf2d1f31ef385e14556c081f3f5e30dcbbf50f1a.apk
1bbc9197e2b7a2090115a01d682934b79a88caa82d7c37ade39ae89a0f76129c,modern_eval,Gen,yes,high,26,vt_consensus_26,D:\DroidForensix\samples\malware\modern_eval\1bbc9197e2b7a2090115a01d682934b79a88caa82d7c37ade39ae89a0f76129c.apk
1c2d4a388c3109001751caf2cee1d27516286f4d1ff51dbf271e85dfc069ce98,modern_eval,SmsSend,yes,high,27,vt_consensus_27,D:\DroidForensix\samples\malware\modern_eval\1c2d4a388c3109001751caf2cee1d27516286f4d1ff51dbf271e85dfc069ce98.apk
1d132dc563405dbf978a35664780790fd9972de17e5110864f5cbbec0c6ce016,modern_eval,AndroidOS,yes,high,23,vt_consensus_23,D:\DroidForensix\samples\malware\modern_eval\1d132dc563405dbf978a35664780790fd9972de17e5110864f5cbbec0c6ce016.apk
1d6640a63db2d4909aa9d1f8f6d4698abd89f2171c33240f0c821e2a94e0cec7,modern_eval,HyPay,yes,high,16,vt_consensus_16,D:\DroidForensix\samples\malware\modern_eval\1d6640a63db2d4909aa9d1f8f6d4698abd89f2171c33240f0c821e2a94e0cec7.apk
1dd0ccbb47e46144a5e68afc619098730f561741618d89200ac9c06c460bf6e4,androzoo_drebin,Plankton,yes,high,41,vt_consensus_41,D:\DroidForensix\samples\malware\androzoo_drebin\Plankton_1dd0ccbb47e46144a5e68afc619098730f561741618d89200ac9c06c460bf6e4.apk
1e7276097313eb4ede32eba76886e42696ecd2de41a1a7aeac5536ce717319c0,modern_eval,Linux,yes,high,24,vt_consensus_24,D:\DroidForensix\samples\malware\modern_eval\1e7276097313eb4ede32eba76886e42696ecd2de41a1a7aeac5536ce717319c0.apk
1f30b62c19be5de98456ec6915f1618da92cab68f20bf36cf91473788437f87a,modern_eval,unknown,yes,medium,0,existing:modern,D:\DroidForensix\samples\malware\modern_eval\1f30b62c19be5de98456ec6915f1618da92cab68f20bf36cf91473788437f87a.apk
1ff001f3ea8ef13d562b99b11cee7c1004abf7de486c38e9dddbaa2b64efd992,androzoo_drebin,Zsone,yes,high,33,vt_consensus_33,D:\DroidForensix\samples\malware\androzoo_drebin\Zsone_1ff001f3ea8ef13d562b99b11cee7c1004abf7de486c38e9dddbaa2b64efd992.apk
208e85cc66f2ee482dce1c6ee5f1ea45592e9fc9980c1b04b5157975d127dcf1,abusech,GenericKD,yes,high,33,vt_consensus_33,D:\DroidForensix\samples\malware\abusech\208e85cc66f2ee482dce1c6ee5f1ea45592e9fc9980c1b04b5157975d127dcf1.apk
21c91c4cb01c7fd286dc8fa6122f6c43a5227677ffbe3566aa37204cd9e494fe,abusech,AndroidOS,yes,high,24,vt_consensus_24,D:\DroidForensix\samples\malware\abusech\unknown_21c91c4cb01c7fd286dc8fa6122f6c43a5227677ffbe3566aa37204cd9e494fe.apk
21ea92178eccae3f448345dcab84d98f21a6b32ea412265d858665973874b5df,androzoo_drebin,FakeInst,yes,high,39,vt_consensus_39,D:\DroidForensix\samples\malware\androzoo_drebin\FakeInstaller_21ea92178eccae3f448345dcab84d98f21a6b32ea412265d858665973874b5df.apk
2211e5b751634ef3681bff599b25d57f47f1593bc27aeb83273ee63a64d62e25,abusech,Agent,yes,high,33,vt_consensus_33,D:\DroidForensix\samples\malware\abusech\teabot_2211e5b751634ef3681bff599b25d57f47f1593bc27aeb83273ee63a64d62e25.apk
22670788ea0108e1e205f34e0a039f994bc94f19563b6f09784074b41f61cc53,androzoo_drebin,Backdoor,yes,high,41,vt_consensus_41,D:\DroidForensix\samples\malware\androzoo_drebin\DroidKungFu_22670788ea0108e1e205f34e0a039f994bc94f19563b6f09784074b41f61cc53.apk
238a4de3f693e8ae8506c72aab6838837a5fc92ae233c813404a1750204fa09d,androzoo_drebin,NickiSpy,yes,high,34,vt_consensus_31,D:\DroidForensix\samples\malware\androzoo_drebin\Nickspy_238a4de3f693e8ae8506c72aab6838837a5fc92ae233c813404a1750204fa09d.apk
23d0741fc039ce734de0a50d6d8451fc3eabf702b3f707badb6d39e2b4faea65,modern_eval,AndroidOS,yes,high,25,vt_consensus_25,D:\DroidForensix\samples\malware\modern_eval\23d0741fc039ce734de0a50d6d8451fc3eabf702b3f707badb6d39e2b4faea65.apk
255eae7859b0855b15de30e5405a2714837ac556c238bc009ac74c5bfa69714a,androzoo_drebin,Nisev,yes,high,35,existing:gt_json,D:\DroidForensix\samples\malware\androzoo_drebin\Nisev_255eae7859b0855b15de30e5405a2714837ac556c238bc009ac74c5bfa69714a.apk
269a98c5a2e16675eacd3490f382ac08d894737e629b92c1a69070cc471eed36,abusech,NGate,yes,high,13,vt_consensus_13,D:\DroidForensix\samples\malware\abusech\unknown_269a98c5a2e16675eacd3490f382ac08d894737e629b92c1a69070cc471eed36.apk
27adebb28c7871e192407c86a69b9b1ec6a1b8ecaf535d96f88f00bb54423b26,androzoo_drebin,AndroidOS,yes,high,37,vt_consensus_37,D:\DroidForensix\samples\malware\androzoo_drebin\Opfake_27adebb28c7871e192407c86a69b9b1ec6a1b8ecaf535d96f88f00bb54423b26.apk
2ab29825e9454a4b87d661dfc55842943e30b86600d2848796d96241e92307c2,abusech,Agent,yes,high,15,vt_consensus_15,D:\DroidForensix\samples\malware\abusech\unknown_2ab29825e9454a4b87d661dfc55842943e30b86600d2848796d96241e92307c2.apk
2bda9042eef834886047cb07ea1fe44844bd5d373c96afe96ec8a39e487d2bb7,modern_eval,HyPay,yes,high,21,vt_consensus_21,D:\DroidForensix\samples\malware\modern_eval\2bda9042eef834886047cb07ea1fe44844bd5d373c96afe96ec8a39e487d2bb7.apk
2c74efb0e8304948e56f4ccb1ced6c05734842ecdc95628decacfa74d06baf6c,abusech,AndroidOS,yes,high,31,vt_consensus_28,D:\DroidForensix\samples\malware\abusech\flubot_2c74efb0e8304948e56f4ccb1ced6c05734842ecdc95628decacfa74d06baf6c.apk
2cc755a2c9dae64ea5914bd32aa6824a3bc1f0e3be1f2d03c116ffc68f7772d0,modern_eval,GhostBat,yes,medium,0,existing:modern,D:\DroidForensix\samples\malware\modern_eval\2cc755a2c9dae64ea5914bd32aa6824a3bc1f0e3be1f2d03c116ffc68f7772d0.apk
3063914cc10de86a689070151a61172fc17619e71d1bd643a3d0cf94b84e10a8,modern_eval,AndroidOS,yes,high,18,vt_consensus_18,D:\DroidForensix\samples\malware\modern_eval\3063914cc10de86a689070151a61172fc17619e71d1bd643a3d0cf94b84e10a8.apk
315e29c580f1720dfc0f7ef7d48beeb3321f3bf343646e022420af119ad7a370,androzoo_drebin,Opfake,yes,high,36,existing:gt_json,D:\DroidForensix\samples\malware\androzoo_drebin\Opfake_315e29c580f1720dfc0f7ef7d48beeb3321f3bf343646e022420af119ad7a370.apk
326fc668fbf5dd4812b075fd963994e1378a0533637899eb07e639bcb9ecd733,androzoo_drebin,Imlog,yes,high,34,vt_consensus_34,D:\DroidForensix\samples\malware\androzoo_drebin\Imlog_326fc668fbf5dd4812b075fd963994e1378a0533637899eb07e639bcb9ecd733.apk
328ff57e39148daf440359709e92989aad445f1b41b3f33135238a9343317d85,androzoo_drebin,Adware,yes,high,34,vt_consensus_34,D:\DroidForensix\samples\malware\androzoo_drebin\Plankton_328ff57e39148daf440359709e92989aad445f1b41b3f33135238a9343317d85.apk
32e4dee58ea17addc5df4ffb862ab3a8df1697598cb6437f92de4075665812c2,abusech,Banker,yes,high,28,vt_consensus_28,D:\DroidForensix\samples\malware\abusech\ermac_32e4dee58ea17addc5df4ffb862ab3a8df1697598cb6437f92de4075665812c2.apk
33d27a5f6b07557021fc4c7959bef4c0e7ee79cc3991e7e213de976b60af1147,androzoo_drebin,Typstu,yes,high,35,vt_consensus_35,D:\DroidForensix\samples\malware\androzoo_drebin\Typstu_33d27a5f6b07557021fc4c7959bef4c0e7ee79cc3991e7e213de976b60af1147.apk
33d2ea973f861bb7c46397c4e0f9aedc37ef10fb8ab2f4090f35a335d86ef0b2,abusech,SpyMax,yes,high,29,vt_consensus_29,D:\DroidForensix\samples\malware\abusech\spynote_33d2ea973f861bb7c46397c4e0f9aedc37ef10fb8ab2f4090f35a335d86ef0b2.apk
345bbac79d218919228838242d35fc475a7aab28d303d1d51ac6078cd59197d6,abusech,SpyMax,yes,low,2,vt_detected_2,D:\DroidForensix\samples\malware\abusech\unknown_345bbac79d218919228838242d35fc475a7aab28d303d1d51ac6078cd59197d6.apk
3502fa570ada49eaeeaa4785bb1897ed91dfadaa76c5e8626c5b8e944d8f5f01,abusech,Dropper,yes,high,32,vt_consensus_32,D:\DroidForensix\samples\malware\abusech\Konfety_3502fa570ada49eaeeaa4785bb1897ed91dfadaa76c5e8626c5b8e944d8f5f01.apk
3504d9f2a2fdf021a382be4e2603acbdb5550ac2ddf26f62da1c2227b1f7f400,abusech,GenericKD,yes,high,39,vt_consensus_39,D:\DroidForensix\samples\malware\abusech\exobot_3504d9f2a2fdf021a382be4e2603acbdb5550ac2ddf26f62da1c2227b1f7f400.apk
352e2e2b57138099966a3a558f9eb3d6a88c27fa6d401f767b36e5cf3440f06a,androzoo_drebin,FakeInst,yes,high,38,vt_consensus_38,D:\DroidForensix\samples\malware\androzoo_drebin\FakeInstaller_352e2e2b57138099966a3a558f9eb3d6a88c27fa6d401f767b36e5cf3440f06a.apk
357d6a12b37bf72550d9df5035f25157d3ca75e1a69e71783586ee4759ee7b45,modern_eval,unknown,yes,medium,0,existing:modern,D:\DroidForensix\samples\malware\modern_eval\357d6a12b37bf72550d9df5035f25157d3ca75e1a69e71783586ee4759ee7b45.apk
36158735c5442bb6a2f5432226403905551f360d7ce99fa51e9d2b54b7cd02e7,abusech,GenericKD,yes,high,36,vt_consensus_36,D:\DroidForensix\samples\malware\abusech\flubot_36158735c5442bb6a2f5432226403905551f360d7ce99fa51e9d2b54b7cd02e7.apk
36c25d77e5097eaec3b3b7fe879533d093e8cd40bce16aff601102838eb2a211,androzoo_drebin,MobileTx,yes,high,35,vt_consensus_35,D:\DroidForensix\samples\malware\androzoo_drebin\MobileTx_36c25d77e5097eaec3b3b7fe879533d093e8cd40bce16aff601102838eb2a211.apk
3779e67d696ba3ef4ba4b38ba10e07301620a45f1d89f004da5ae64f050dfdb4,abusech,GenericKD,yes,high,36,vt_consensus_36,D:\DroidForensix\samples\malware\abusech\hydra_3779e67d696ba3ef4ba4b38ba10e07301620a45f1d89f004da5ae64f050dfdb4.apk
379f0932084641fd8839b2101428a5c856f4d9c54dc9aff4a5d58a0de9a12595,androzoo_drebin,Plankton,yes,high,28,existing:gt_json,D:\DroidForensix\samples\malware\androzoo_drebin\Plankton_379f0932084641fd8839b2101428a5c856f4d9c54dc9aff4a5d58a0de9a12595.apk
37c97fe776f0af6b21be6892124317461f75032f33944d933f1d046a90bd13be,androzoo_drebin,Nandrobox,yes,high,32,existing:gt_json,D:\DroidForensix\samples\malware\androzoo_drebin\Nandrobox_37c97fe776f0af6b21be6892124317461f75032f33944d933f1d046a90bd13be.apk
388d7fd938e51455ad9ba27eae9ce01fcbadff8ab88d5a7e9e742cb28402f1e8,modern_eval,unknown,yes,medium,0,existing:modern,D:\DroidForensix\samples\malware\modern_eval\388d7fd938e51455ad9ba27eae9ce01fcbadff8ab88d5a7e9e742cb28402f1e8.apk
399f5bddd1e30bb612522c9c770e073f5e304165df170c4668550de34f34f7c1,modern_eval,GhostBat,yes,medium,0,existing:modern,D:\DroidForensix\samples\malware\modern_eval\399f5bddd1e30bb612522c9c770e073f5e304165df170c4668550de34f34f7c1.apk
3a03b35a4c614d651954f8298d5bb75abe33223e0791bdc1b9bdb2af69d3009b,modern_eval,unknown,yes,medium,0,existing:modern,D:\DroidForensix\samples\malware\modern_eval\3a03b35a4c614d651954f8298d5bb75abe33223e0791bdc1b9bdb2af69d3009b.apk
3a6d53616484183e4c582b82ac147f05a0d08e86836be59bad03470d9605eded,modern_eval,Linux,yes,high,24,vt_consensus_24,D:\DroidForensix\samples\malware\modern_eval\3a6d53616484183e4c582b82ac147f05a0d08e86836be59bad03470d9605eded.apk
3c0edd3c80f917d0045ac51d177e9a4768df5a66517005b0f7944423aa54b089,modern_eval,SpyNote,yes,high,14,vt_consensus_14,D:\DroidForensix\samples\malware\modern_eval\3c0edd3c80f917d0045ac51d177e9a4768df5a66517005b0f7944423aa54b089.apk
3c44fed6329931c17ffbbe8044b9181ab54cd9c5e9671c657e6f5a0882f5d59c,androzoo_drebin,GinMaster,yes,high,36,vt_consensus_36,D:\DroidForensix\samples\malware\androzoo_drebin\GinMaster_3c44fed6329931c17ffbbe8044b9181ab54cd9c5e9671c657e6f5a0882f5d59c.apk
3c81526bcb801d7dcfaea7f379528471d745a36e3c1bdc41877b4bed34b5dce6,abusech,AndroidOS,yes,high,24,vt_consensus_24,D:\DroidForensix\samples\malware\abusech\unknown_3c81526bcb801d7dcfaea7f379528471d745a36e3c1bdc41877b4bed34b5dce6.apk
3cb4b373a24afb10b8003762e763e6b44008bdf9a58d0a9a2b80a5de68308ecd,abusech,NGate,yes,high,28,vt_consensus_28,D:\DroidForensix\samples\malware\abusech\unknown_3cb4b373a24afb10b8003762e763e6b44008bdf9a58d0a9a2b80a5de68308ecd.apk
3dfbecd41310db51f8aa31149d9e5619ed7799166f2e7a57b32c30d6633c82cb,androzoo_drebin,Geinimi,yes,high,41,vt_consensus_41,D:\DroidForensix\samples\malware\androzoo_drebin\Geinimi_3dfbecd41310db51f8aa31149d9e5619ed7799166f2e7a57b32c30d6633c82cb.apk
3f76c482fdd58df5edd678e4730745e7cbafe298d0ebe0770ff962a3c2d6cf7f,androzoo_drebin,Plankton,yes,high,30,existing:gt_json,D:\DroidForensix\samples\malware\androzoo_drebin\Plankton_3f76c482fdd58df5edd678e4730745e7cbafe298d0ebe0770ff962a3c2d6cf7f.apk
4067054f202cc8e87557915783d4468b54985c5cc7b0b57df98ffbb106475196,abusech,AndroidOS,yes,high,33,vt_consensus_33,D:\DroidForensix\samples\malware\abusech\teabot_4067054f202cc8e87557915783d4468b54985c5cc7b0b57df98ffbb106475196.apk
412f959e050df1e74d732401f67210595b7db1c3dbd6e27c49fd1ee2bf8031b4,androzoo_drebin,FakeInst,yes,high,39,vt_consensus_39,D:\DroidForensix\samples\malware\androzoo_drebin\FakeInstaller_412f959e050df1e74d732401f67210595b7db1c3dbd6e27c49fd1ee2bf8031b4.apk
43f62b4cca7597f24772bf7edd005c3929b5e4d1bc821d5097a7d11ff02c0a93,androzoo_drebin,FakeInst,yes,high,46,vt_consensus_46,D:\DroidForensix\samples\malware\androzoo_drebin\FakeInstaller_43f62b4cca7597f24772bf7edd005c3929b5e4d1bc821d5097a7d11ff02c0a93.apk
44b5086d35b879afb9278392c230cdd0d16ac9b830cd44e75ece6ccf0fd4952c,abusech,Andr/Banker-HDY,yes,high,17,vt_consensus_17,D:\DroidForensix\samples\malware\abusech\unknown_44b5086d35b879afb9278392c230cdd0d16ac9b830cd44e75ece6ccf0fd4952c.apk
44c68a4b47e80309bfd2ceb87ad3672cee1796da709a663b391c3678c29a0979,abusech,Agent,yes,high,13,vt_consensus_13,D:\DroidForensix\samples\malware\abusech\unknown_44c68a4b47e80309bfd2ceb87ad3672cee1796da709a663b391c3678c29a0979.apk
45d2031af6420768aef7c0d4a0b08063939abe88c27e0344cf9c787f73eb8f3e,androzoo_drebin,AndroidOS,yes,high,37,vt_consensus_37,D:\DroidForensix\samples\malware\androzoo_drebin\SMSreg_45d2031af6420768aef7c0d4a0b08063939abe88c27e0344cf9c787f73eb8f3e.apk
47a4aff5aaac505f213fb058e22cb5fecd03791c3f60ff9529b9f9befcbc2012,androzoo_drebin,BaseBridge,yes,high,37,existing:gt_json,D:\DroidForensix\samples\malware\androzoo_drebin\BaseBridge_47a4aff5aaac505f213fb058e22cb5fecd03791c3f60ff9529b9f9befcbc2012.apk
47bb7f855cdf116c62499240089fa1b7a69585e8b7f639e192b9d038da4094cd,abusech,GenericKD,yes,high,36,vt_consensus_36,D:\DroidForensix\samples\malware\abusech\teabot_47bb7f855cdf116c62499240089fa1b7a69585e8b7f639e192b9d038da4094cd.apk
48f7ecd18cadc12914b89e91336b9885131d4151a9ed1975f6456e7951633583,androzoo_drebin,AndroidOS,yes,high,33,vt_consensus_33,D:\DroidForensix\samples\malware\androzoo_drebin\Plankton_48f7ecd18cadc12914b89e91336b9885131d4151a9ed1975f6456e7951633583.apk
4ccf02c87de6c0bf718d9f8cdf6c61a9edc909fab1cdd7d497572e30fea1f580,abusech,GenericKD,yes,high,33,vt_consensus_33,D:\DroidForensix\samples\malware\abusech\ermac_4ccf02c87de6c0bf718d9f8cdf6c61a9edc909fab1cdd7d497572e30fea1f580.apk
4dc2d4c59ca4e06b852ccbec728009a2a7a7e1e3f6cee65588d4d376b7f14a2d,androzoo_drebin,FakeApp,yes,high,33,vt_consensus_33,D:\DroidForensix\samples\malware\androzoo_drebin\Copycat_4dc2d4c59ca4e06b852ccbec728009a2a7a7e1e3f6cee65588d4d376b7f14a2d.apk
4e355df8f0843afc4a7bfc294ee4b1db9e9b896269c754c2d57dcb647dcd3efb,androzoo_drebin,Opfake,yes,high,36,existing:gt_json,D:\DroidForensix\samples\malware\androzoo_drebin\Opfake_4e355df8f0843afc4a7bfc294ee4b1db9e9b896269c754c2d57dcb647dcd3efb.apk
4eb2ac595b1a17ddde607d55dc41d93896eeca3a01cd440b8953159bca3a418d,abusech,AndroidOS,yes,high,23,vt_consensus_23,D:\DroidForensix\samples\malware\abusech\unknown_4eb2ac595b1a17ddde607d55dc41d93896eeca3a01cd440b8953159bca3a418d.apk
4f181b3a42657a4c18a898d84108f7500baf243a2ac710adec1c5938cf0adb57,abusech,AndroidOS,yes,high,27,vt_consensus_27,D:\DroidForensix\samples\malware\abusech\ermac_4f181b3a42657a4c18a898d84108f7500baf243a2ac710adec1c5938cf0adb57.apk
4fca2064417bf4c9e96131aaa59021a56f6d01c18d74d085cf01cb9e9c4e6e25,androzoo_drebin,Plankton,yes,high,29,existing:gt_json,D:\DroidForensix\samples\malware\androzoo_drebin\Plankton_4fca2064417bf4c9e96131aaa59021a56f6d01c18d74d085cf01cb9e9c4e6e25.apk
5010f34461e309ea1bc5539bb24fccc320576ce6d677a29604f5568c0a5e6315,androzoo_drebin,Opfake,yes,high,30,existing:gt_json,D:\DroidForensix\samples\malware\androzoo_drebin\Opfake_5010f34461e309ea1bc5539bb24fccc320576ce6d677a29604f5568c0a5e6315.apk
5030b673a6de2f1e1a83e3cb911fe053bdc38439d6a22ebad1c8a3a59d513205,androzoo_drebin,Opfake,yes,high,34,vt_consensus_34,D:\DroidForensix\samples\malware\androzoo_drebin\Opfake_5030b673a6de2f1e1a83e3cb911fe053bdc38439d6a22ebad1c8a3a59d513205.apk
518f5438a21e9aa9a91f0dd589088e443fda111d8ada5ea67d1cf14d6645974c,modern_eval,unknown,yes,medium,0,existing:modern,D:\DroidForensix\samples\malware\modern_eval\518f5438a21e9aa9a91f0dd589088e443fda111d8ada5ea67d1cf14d6645974c.apk
51f9c37c3eec0b6f8325aa1c8fe64a0615ab920584042df557426473b1270b40,abusech,BankBot,yes,high,43,vt_consensus_43,D:\DroidForensix\samples\malware\abusech\ermac_51f9c37c3eec0b6f8325aa1c8fe64a0615ab920584042df557426473b1270b40.apk
536a6084656a2d58e81a88ecfe0a0d050a4a5794f65cbc09170646c3e4c0dc0c,androzoo_drebin,GinMaster,yes,high,30,existing:gt_json,D:\DroidForensix\samples\malware\androzoo_drebin\GinMaster_536a6084656a2d58e81a88ecfe0a0d050a4a5794f65cbc09170646c3e4c0dc0c.apk
536cb0e2ffffa40d1ccd096eaaad43f094813bae15d8f6316dc35fb998d5e4cd,modern_eval,unknown,yes,medium,0,existing:modern,D:\DroidForensix\samples\malware\modern_eval\536cb0e2ffffa40d1ccd096eaaad43f094813bae15d8f6316dc35fb998d5e4cd.apk
537f08755139d0199fb1751068eb49a92b68e0d1dcadaf03758837c3832f99c5,modern_eval,SpyNote,yes,medium,0,existing:modern,D:\DroidForensix\samples\malware\modern_eval\537f08755139d0199fb1751068eb49a92b68e0d1dcadaf03758837c3832f99c5.apk
5494db78d03c9b3061c780520fc6713fa16cc8469c18ec9acb3d8eddff91964a,abusech,Gen,yes,high,23,vt_consensus_23,D:\DroidForensix\samples\malware\abusech\unknown_5494db78d03c9b3061c780520fc6713fa16cc8469c18ec9acb3d8eddff91964a.apk
54ece852176437e02ce2400e48c5545d32a5d69adee4a66a337ba98c67aea94e,androzoo_drebin,Adsms,yes,high,38,vt_consensus_38,D:\DroidForensix\samples\malware\androzoo_drebin\Adsms_54ece852176437e02ce2400e48c5545d32a5d69adee4a66a337ba98c67aea94e.apk
54f2a636e000c55bb725d7e552a22117837c1676fb4b96decd135ae10e6f7049,androzoo_drebin,BaseBridge,yes,high,42,existing:gt_json,D:\DroidForensix\samples\malware\androzoo_drebin\BaseBridge_54f2a636e000c55bb725d7e552a22117837c1676fb4b96decd135ae10e6f7049.apk
554e71b4e5d2a172707b51edc8e0e22cba40858b69884e75228c12718c47e1ef,abusech,GenericKD,yes,high,28,vt_consensus_28,D:\DroidForensix\samples\malware\abusech\teabot_554e71b4e5d2a172707b51edc8e0e22cba40858b69884e75228c12718c47e1ef.apk
557c02b5e9ca8103e6ad5413df1b447fae5c9ce086a0b5330bf9c79a578585df,abusech,Agent,yes,high,30,vt_consensus_30,D:\DroidForensix\samples\malware\abusech\PixRevolution_557c02b5e9ca8103e6ad5413df1b447fae5c9ce086a0b5330bf9c79a578585df.apk
5606655728a5e64d3c2229deb831d087605a1362fd545dc5d7a93961bf1c7825,androzoo_drebin,a,yes,high,38,vt_consensus_38,D:\DroidForensix\samples\malware\androzoo_drebin\Opfake_5606655728a5e64d3c2229deb831d087605a1362fd545dc5d7a93961bf1c7825.apk
562c92478e7cf5790e6bd8d706c51d9178ea1bd58537575f03edbbb427f54fc9,androzoo_drebin,DroidKungFu,yes,high,42,vt_consensus_42,D:\DroidForensix\samples\malware\androzoo_drebin\DroidKungFu_562c92478e7cf5790e6bd8d706c51d9178ea1bd58537575f03edbbb427f54fc9.apk
563bc028fac5f38f3849a3808bcba9cc41beeaf4b9ff771d383954beb1267e0b,abusech,Boogr,yes,high,23,vt_consensus_23,D:\DroidForensix\samples\malware\abusech\unknown_563bc028fac5f38f3849a3808bcba9cc41beeaf4b9ff771d383954beb1267e0b.apk
584efe8d1449e1d03b30e08a9abf916c510628ae6950da11e195a22653190d48,androzoo_drebin,Kmin,yes,high,35,existing:gt_json,D:\DroidForensix\samples\malware\androzoo_drebin\Kmin_584efe8d1449e1d03b30e08a9abf916c510628ae6950da11e195a22653190d48.apk
58cc948bd809292143e604c3e03735c9517f94b37dd35299ca5e81d7b902d620,abusech,Evo-gen [Trj],yes,high,18,vt_consensus_18,D:\DroidForensix\samples\malware\abusech\unknown_58cc948bd809292143e604c3e03735c9517f94b37dd35299ca5e81d7b902d620.apk
5af77b5f5d014162cd3bf43314ebb91f39658c5be335c1efff7c9564e298e719,abusech,AdLibrary,yes,medium,6,vt_detected_6,D:\DroidForensix\samples\malware\abusech\unknown_5af77b5f5d014162cd3bf43314ebb91f39658c5be335c1efff7c9564e298e719.apk
5b6f0757e98303cf337d10b6f8c7378bdfd4de30dea624545207dd01a85b6c37,androzoo_drebin,BaseBridge,yes,high,35,existing:gt_json,D:\DroidForensix\samples\malware\androzoo_drebin\BaseBridge_5b6f0757e98303cf337d10b6f8c7378bdfd4de30dea624545207dd01a85b6c37.apk
5cad494f67808745489659cd077dce429fce364a673c44c9d238d14dcca81732,modern_eval,unknown,yes,medium,0,existing:modern,D:\DroidForensix\samples\malware\modern_eval\5cad494f67808745489659cd077dce429fce364a673c44c9d238d14dcca81732.apk
5e7116ea24dee71abac470b432a62c41e0fd680663162a486ab2b6fe25ccf367,androzoo_drebin,FakeInst,yes,high,37,vt_consensus_37,D:\DroidForensix\samples\malware\androzoo_drebin\FakeInstaller_5e7116ea24dee71abac470b432a62c41e0fd680663162a486ab2b6fe25ccf367.apk
5e82d73a3b2d4df192d674729f9578c4081d5096d5e3641bf8b233e1bee248d4,androzoo_drebin,Adrd,yes,high,31,existing:gt_json,D:\DroidForensix\samples\malware\androzoo_drebin\Adrd_5e82d73a3b2d4df192d674729f9578c4081d5096d5e3641bf8b233e1bee248d4.apk
5f113715e47ddce3f72f9ff69b1aa07ee09225eaf6b501a7b106fa893779a931,abusech,AndroidOS,yes,high,26,vt_consensus_26,D:\DroidForensix\samples\malware\abusech\hydra_5f113715e47ddce3f72f9ff69b1aa07ee09225eaf6b501a7b106fa893779a931.apk
5f208d88f5cefaa967d5e9320f2875de3ca8fada870ab83c1fe20c01558f85b1,androzoo_drebin,FakeInstaller,yes,high,31,existing:gt_json,D:\DroidForensix\samples\malware\androzoo_drebin\FakeInstaller_5f208d88f5cefaa967d5e9320f2875de3ca8fada870ab83c1fe20c01558f85b1.apk
5f94e59c132a7ed0e35b60146d973a728ab9f390c8291f9547cee26c56427738,modern_eval,CraxsRAT,yes,medium,0,existing:modern,D:\DroidForensix\samples\malware\modern_eval\5f94e59c132a7ed0e35b60146d973a728ab9f390c8291f9547cee26c56427738.apk
61d4518fac40db1cef72d8b6f9a14080d93ef53a6f6e55605ee12da87978a14f,modern_eval,Andr/Xgen2-AYJ,yes,high,15,vt_consensus_15,D:\DroidForensix\samples\malware\modern_eval\61d4518fac40db1cef72d8b6f9a14080d93ef53a6f6e55605ee12da87978a14f.apk
62545321423f75c0f4774c868a1677087399353adda0fb361cd3884d2680dcc2,modern_eval,FantasyHub,yes,medium,0,existing:modern,D:\DroidForensix\samples\malware\modern_eval\62545321423f75c0f4774c868a1677087399353adda0fb361cd3884d2680dcc2.apk
63371a25c79264de99fb9f55dee9f893625b8f2b3e8ea97da43e60518aee8509,androzoo_drebin,Adware,yes,high,31,vt_consensus_31,D:\DroidForensix\samples\malware\androzoo_drebin\Plankton_63371a25c79264de99fb9f55dee9f893625b8f2b3e8ea97da43e60518aee8509.apk
6376bcd8faa57aac7437116b184967a588025e2bf96318272cdcf51ff2f8dfdd,abusech,Dropper,yes,high,32,vt_consensus_32,D:\DroidForensix\samples\malware\abusech\Konfety_6376bcd8faa57aac7437116b184967a588025e2bf96318272cdcf51ff2f8dfdd.apk
64a9263148d49bbabaf13b68fc461c93275d5d7f852288ccf00d1b25e39069d3,abusech,Gen,yes,high,25,vt_consensus_25,D:\DroidForensix\samples\malware\abusech\unknown_64a9263148d49bbabaf13b68fc461c93275d5d7f852288ccf00d1b25e39069d3.apk
64ab7a8e612d8d60c1c4cc8ce1b4ace4aafcec7e1f5239894f2b214b094fa1b1,androzoo_drebin,a,yes,high,41,vt_consensus_41,D:\DroidForensix\samples\malware\androzoo_drebin\DroidKungFu_64ab7a8e612d8d60c1c4cc8ce1b4ace4aafcec7e1f5239894f2b214b094fa1b1.apk
65ac82b8d756a548760f16e1c8671197716f5b7b1bdfb72f1adce34e0aec4824,androzoo_drebin,BaseBridge,yes,high,48,vt_consensus_48,D:\DroidForensix\samples\malware\androzoo_drebin\BaseBridge_65ac82b8d756a548760f16e1c8671197716f5b7b1bdfb72f1adce34e0aec4824.apk
669b75fd2620fa990bb982c07f5233f5b3e98aff65d9d8ffb9683aaae6cb98c1,abusech,Trojan-Banker,yes,high,16,vt_consensus_16,D:\DroidForensix\samples\malware\abusech\669b75fd2620fa990bb982c07f5233f5b3e98aff65d9d8ffb9683aaae6cb98c1.apk
66ea10f2bc2445ad8ce43dca11ba2ea4968633c1ce21b5a2ac5f1c647db5ffcd,androzoo_drebin,Plankton,yes,high,31,existing:gt_json,D:\DroidForensix\samples\malware\androzoo_drebin\Plankton_66ea10f2bc2445ad8ce43dca11ba2ea4968633c1ce21b5a2ac5f1c647db5ffcd.apk
6725dfc3cb9b8f2103ebb129f0d4816ae836c15103229e8fda0151aa390d33ad,androzoo_drebin,Opfake,yes,high,35,vt_consensus_35,D:\DroidForensix\samples\malware\androzoo_drebin\Opfake_6725dfc3cb9b8f2103ebb129f0d4816ae836c15103229e8fda0151aa390d33ad.apk
6827b5683119738e2b75c6640e59ff6d4d51b50618f239f41f1bd86687de573e,androzoo_drebin,FakeInst,yes,high,39,vt_consensus_39,D:\DroidForensix\samples\malware\androzoo_drebin\FakeInstaller_6827b5683119738e2b75c6640e59ff6d4d51b50618f239f41f1bd86687de573e.apk
6832234c4eae7a57be4f68271b7eecb056c4cd8352c67d2273d676208118871d,androzoo_drebin,FakeDoc,yes,high,31,existing:gt_json,D:\DroidForensix\samples\malware\androzoo_drebin\FakeDoc_6832234c4eae7a57be4f68271b7eecb056c4cd8352c67d2273d676208118871d.apk
68b9c7ae6b51f211ecd0cfdd656bc3b14840627adc7073faf9504acdb0e52dae,modern_eval,GhostBat,yes,medium,0,existing:modern,D:\DroidForensix\samples\malware\modern_eval\68b9c7ae6b51f211ecd0cfdd656bc3b14840627adc7073faf9504acdb0e52dae.apk
692e7b0f657ac34635e0dcd633f9c73b37d0258457d161ec6dbee26820cb72dd,abusech,Banker,yes,high,30,vt_consensus_30,D:\DroidForensix\samples\malware\abusech\ermac_692e7b0f657ac34635e0dcd633f9c73b37d0258457d161ec6dbee26820cb72dd.apk
6a01a9e0fc20d47835fd19d732af97fc4a2d68e1f735f4cdea7d4eeb03fcf582,androzoo_drebin,FakeInst,yes,high,39,vt_consensus_39,D:\DroidForensix\samples\malware\androzoo_drebin\FakeInstaller_6a01a9e0fc20d47835fd19d732af97fc4a2d68e1f735f4cdea7d4eeb03fcf582.apk
6a02832c97ad6c0f2ddb813acb52ef002ef616be2a7ded5a0a69b7dbdf2f7aff,androzoo_drebin,GinMaster,yes,high,37,vt_consensus_37,D:\DroidForensix\samples\malware\androzoo_drebin\GinMaster_6a02832c97ad6c0f2ddb813acb52ef002ef616be2a7ded5a0a69b7dbdf2f7aff.apk
6acc850988883adc4a5129ea711f3f176815e4eb210ecc9f8db643d15ca9c8d9,androzoo_drebin,Iconosys,yes,high,31,existing:gt_json,D:\DroidForensix\samples\malware\androzoo_drebin\Iconosys_6acc850988883adc4a5129ea711f3f176815e4eb210ecc9f8db643d15ca9c8d9.apk
6c1ed581a3843a9cbe7a864bff72cf2ad914733dc90fea105f66ab5c6e24b2c8,androzoo_drebin,BaseBridge,yes,high,48,vt_consensus_48,D:\DroidForensix\samples\malware\androzoo_drebin\BaseBridge_6c1ed581a3843a9cbe7a864bff72cf2ad914733dc90fea105f66ab5c6e24b2c8.apk
6d29e6e5372cd0690e0df62eb6d98938e91191b0e639fed2476497baa8255405,abusech,NGate,yes,high,24,vt_consensus_24,D:\DroidForensix\samples\malware\abusech\unknown_6d29e6e5372cd0690e0df62eb6d98938e91191b0e639fed2476497baa8255405.apk
6d8f8367ea6b2360cde4a53a450216adec54228d63840bf5471a746697399699,androzoo_drebin,Exploit,yes,high,48,vt_consensus_48,D:\DroidForensix\samples\malware\androzoo_drebin\ExploitLinuxLotoor_6d8f8367ea6b2360cde4a53a450216adec54228d63840bf5471a746697399699.apk
6e3499a5e63209b34ccc787a7ea57953ff5436b51ca4325ea0da4a958f44ea7b,abusech,AndroidOS,yes,high,39,vt_consensus_33,D:\DroidForensix\samples\malware\abusech\flubot_6e3499a5e63209b34ccc787a7ea57953ff5436b51ca4325ea0da4a958f44ea7b.apk
6e9848008c42128623d1077f0cc75c0861e2b3d0fb76e68c5fc9ec8f69361572,androzoo_drebin,FakeRun,yes,high,36,existing:gt_json,D:\DroidForensix\samples\malware\androzoo_drebin\FakeRun_6e9848008c42128623d1077f0cc75c0861e2b3d0fb76e68c5fc9ec8f69361572.apk
72f18d019123393ae610dd73b25e5f30a4945430f6f835700d6bdee19f566a30,modern_eval,SpyNote,yes,medium,0,existing:modern,D:\DroidForensix\samples\malware\modern_eval\72f18d019123393ae610dd73b25e5f30a4945430f6f835700d6bdee19f566a30.apk
7365190230042fa2f8aba13d39cfecaa52b029750331760bcd114bafb01cb6db,abusech,AndroidOS,yes,high,18,vt_consensus_18,D:\DroidForensix\samples\malware\abusech\unknown_7365190230042fa2f8aba13d39cfecaa52b029750331760bcd114bafb01cb6db.apk
73b2fd2dfb5860f0701b16002832987d5edcfe059df454d30548aa4fa45bebe6,androzoo_drebin,Opfake,yes,high,33,existing:gt_json,D:\DroidForensix\samples\malware\androzoo_drebin\Opfake_73b2fd2dfb5860f0701b16002832987d5edcfe059df454d30548aa4fa45bebe6.apk
74611134257de9e9f549d445d19d465afeb1af34399683ff04303a11ecf643fc,androzoo_drebin,SmForw,yes,high,27,existing:gt_json,D:\DroidForensix\samples\malware\androzoo_drebin\SmForw_74611134257de9e9f549d445d19d465afeb1af34399683ff04303a11ecf643fc.apk
752f3cacdad6753d4c02bb8e40ef3e0990b55466c18a7b80ec6fa7b9706e40ab,abusech,Andr/NGate-G,yes,high,23,vt_consensus_23,D:\DroidForensix\samples\malware\abusech\unknown_752f3cacdad6753d4c02bb8e40ef3e0990b55466c18a7b80ec6fa7b9706e40ab.apk
75b06872276a85812c28398d125938fc420fa84774576ea8221592db612cb1b2,androzoo_drebin,AndroidOS,yes,high,34,vt_consensus_34,D:\DroidForensix\samples\malware\androzoo_drebin\Plankton_75b06872276a85812c28398d125938fc420fa84774576ea8221592db612cb1b2.apk
767c218be4e7d2c99ee9c8b36128ac932d2dac0e3792ce638b804083f75e1096,abusech,GenericKD,yes,high,32,vt_consensus_32,D:\DroidForensix\samples\malware\abusech\teabot_767c218be4e7d2c99ee9c8b36128ac932d2dac0e3792ce638b804083f75e1096.apk
77eef34639c4d2d244ba407c6e0a1b9b5ec0187e73de1ae3acb0f71f3906f595,modern_eval,unknown,yes,medium,0,existing:modern,D:\DroidForensix\samples\malware\modern_eval\77eef34639c4d2d244ba407c6e0a1b9b5ec0187e73de1ae3acb0f71f3906f595.apk
789d04c93488adf85d8d7988c0d050648cd91ad469f9e63e04d290523dfb1d93,abusech,GenericKD,yes,high,35,vt_consensus_35,D:\DroidForensix\samples\malware\abusech\hydra_789d04c93488adf85d8d7988c0d050648cd91ad469f9e63e04d290523dfb1d93.apk
7a4238fc6f5d3c7731c2eb33911298eaa36986040858af56e76628c5dc83e265,abusech,AndroidOS,yes,high,34,vt_consensus_34,D:\DroidForensix\samples\malware\abusech\ermac_7a4238fc6f5d3c7731c2eb33911298eaa36986040858af56e76628c5dc83e265.apk
7bebc4b248402dbf988b92eb7d9c86797bb302b983e63ce0d2dba96f0f8a345a,abusech,Gen,yes,high,29,vt_consensus_29,D:\DroidForensix\samples\malware\abusech\unknown_7bebc4b248402dbf988b92eb7d9c86797bb302b983e63ce0d2dba96f0f8a345a.apk
7d44e0009d251ae4983f5bf29f7d8aa9af668df88dba05a17a7a314f6780ceff,abusech,Agent,yes,high,21,vt_consensus_21,D:\DroidForensix\samples\malware\abusech\unknown_7d44e0009d251ae4983f5bf29f7d8aa9af668df88dba05a17a7a314f6780ceff.apk
7e7ee5b11fe1ca56f0f8416638964bec68b9ef90b25426f06d1330222b1dcf3d,abusech,Banker,yes,high,28,vt_consensus_28,D:\DroidForensix\samples\malware\abusech\hydra_7e7ee5b11fe1ca56f0f8416638964bec68b9ef90b25426f06d1330222b1dcf3d.apk
7e8693dfed67a88db885ac0ffd94b73351d1f910cafc6425e8f1b4ab0e24c2a8,abusech,Gen,yes,high,19,vt_consensus_19,D:\DroidForensix\samples\malware\abusech\unknown_7e8693dfed67a88db885ac0ffd94b73351d1f910cafc6425e8f1b4ab0e24c2a8.apk
7fb836c08ff527443b06d1c20afb6a4b0f51eb373013f211e0d3200bf26527b7,abusech,AndroidOS,yes,high,23,vt_consensus_23,D:\DroidForensix\samples\malware\abusech\unknown_7fb836c08ff527443b06d1c20afb6a4b0f51eb373013f211e0d3200bf26527b7.apk
80ae30136ea55e936c66cd61cbf1de428d8d20d76fec06c1e4c0217472e6e089,androzoo_drebin,KungFu,yes,high,43,vt_consensus_43,D:\DroidForensix\samples\malware\androzoo_drebin\DroidKungFu_80ae30136ea55e936c66cd61cbf1de428d8d20d76fec06c1e4c0217472e6e089.apk
810926f89430144fd258ed4a95f1d77215f657a4e7dac2ce0c410bcffbdca99e,abusech,Banker,yes,high,23,vt_consensus_23,D:\DroidForensix\samples\malware\abusech\hydra_810926f89430144fd258ed4a95f1d77215f657a4e7dac2ce0c410bcffbdca99e.apk
818e8917650bff20ef5d3440d2c33739f973d4e7f41af7d7767502dac5a0580c,abusech,AndroidOS,yes,high,22,vt_consensus_22,D:\DroidForensix\samples\malware\abusech\unknown_818e8917650bff20ef5d3440d2c33739f973d4e7f41af7d7767502dac5a0580c.apk
831334e1e49ec7a25375562688543ee75b2b3cc7352afc019856342def52476b,abusech,AndroidOS,yes,high,37,vt_consensus_37,D:\DroidForensix\samples\malware\abusech\flubot_831334e1e49ec7a25375562688543ee75b2b3cc7352afc019856342def52476b.apk
844bd3f253433ee713fd1b0b8f09db675b3b257c3677723a57713a547c6de177,androzoo_drebin,GinMaster,yes,high,38,vt_consensus_38,D:\DroidForensix\samples\malware\androzoo_drebin\GinMaster_844bd3f253433ee713fd1b0b8f09db675b3b257c3677723a57713a547c6de177.apk
849ed093a737a2ec02968f739510b45c60deb418afcc21ef76f1195820288297,androzoo_drebin,Imlog,yes,high,36,vt_consensus_36,D:\DroidForensix\samples\malware\androzoo_drebin\Imlog_849ed093a737a2ec02968f739510b45c60deb418afcc21ef76f1195820288297.apk
84ddfdd7862e3c3481ae65b64d9087ab7c5c29355a29e9e7c3a4011a631f7387,modern_eval,unknown,yes,medium,0,existing:modern,D:\DroidForensix\samples\malware\modern_eval\84ddfdd7862e3c3481ae65b64d9087ab7c5c29355a29e9e7c3a4011a631f7387.apk
85a44fd5134cf1d317a7637f1fb47dcf570a93e925c365b2e8f103a0fa459290,modern_eval,unknown,yes,medium,0,existing:modern,D:\DroidForensix\samples\malware\modern_eval\85a44fd5134cf1d317a7637f1fb47dcf570a93e925c365b2e8f103a0fa459290.apk
85cafe005c7f893cae65fa0a5ebf1c103eca579529ebd5d531c672408acdb9d0,androzoo_drebin,Linux,yes,high,48,vt_consensus_48,D:\DroidForensix\samples\malware\androzoo_drebin\DroidKungFu_85cafe005c7f893cae65fa0a5ebf1c103eca579529ebd5d531c672408acdb9d0.apk
8731cb0a474a85085729d37a5bb21e2c9073f3d261e6b33374cd9233a85b1228,androzoo_drebin,FakeInstaller,yes,high,32,existing:gt_json,D:\DroidForensix\samples\malware\androzoo_drebin\FakeInstaller_8731cb0a474a85085729d37a5bb21e2c9073f3d261e6b33374cd9233a85b1228.apk
877ab7dbbef2267a39513d1ad777b5c469f76f2a110be547100cb339d76a3f1f,androzoo_drebin,Backdoor,yes,high,41,vt_consensus_41,D:\DroidForensix\samples\malware\androzoo_drebin\BaseBridge_877ab7dbbef2267a39513d1ad777b5c469f76f2a110be547100cb339d76a3f1f.apk
87def7f445734b4b9b57b97cd4af8d22b2684dd4dd3e7ae8d07a120efa3b1814,abusech,SpyNote,yes,high,30,vt_consensus_30,D:\DroidForensix\samples\malware\abusech\spynote_87def7f445734b4b9b57b97cd4af8d22b2684dd4dd3e7ae8d07a120efa3b1814.apk
8856ac19f179461c4008249c342c8dadbd17118f80f43ce0229ddb1cda33bd67,abusech,GenericKD,yes,high,36,vt_consensus_36,D:\DroidForensix\samples\malware\abusech\teabot_8856ac19f179461c4008249c342c8dadbd17118f80f43ce0229ddb1cda33bd67.apk
8e39fb18e8acb2e4fc4bcd7db2efc320f5ec84100e8ba870fd24dd13a6584277,abusech,Agent,yes,high,24,vt_consensus_24,D:\DroidForensix\samples\malware\abusech\PixRevolution_8e39fb18e8acb2e4fc4bcd7db2efc320f5ec84100e8ba870fd24dd13a6584277.apk
8fdca3a8808a792abaabd8a49985555ae321357f6cc0326e6182fe50f55c6118,androzoo_drebin,Hacktool,yes,high,36,vt_consensus_36,D:\DroidForensix\samples\malware\androzoo_drebin\Penetho_8fdca3a8808a792abaabd8a49985555ae321357f6cc0326e6182fe50f55c6118.apk
8fdd17e520f7c2ac1924ef3806d85aadf3e969418578ff0b7ea245af93a16315,androzoo_drebin,FakeInstaller,yes,high,31,existing:gt_json,D:\DroidForensix\samples\malware\androzoo_drebin\FakeInstaller_8fdd17e520f7c2ac1924ef3806d85aadf3e969418578ff0b7ea245af93a16315.apk
908ed30161b44d20bb4e286de7fb8203b2b8a2a807c6638ee9d9830de3a0f913,androzoo_drebin,AndroidOS,yes,high,41,vt_consensus_38,D:\DroidForensix\samples\malware\androzoo_drebin\SendPay_908ed30161b44d20bb4e286de7fb8203b2b8a2a807c6638ee9d9830de3a0f913.apk
918eb87af81e92709d872621ea8ed0c086e38fbdf48a5e5ebdcab190f41bd07b,abusech,unknown,yes,low,0,source:abusech_no_vt_confirmation,D:\DroidForensix\samples\malware\abusech\unknown_918eb87af81e92709d872621ea8ed0c086e38fbdf48a5e5ebdcab190f41bd07b.apk
93880cd38abffa10e753c17ae7c14f0833356cba601bd1a3d3998859f47c900f,abusech,GenericKD,yes,high,37,vt_consensus_37,D:\DroidForensix\samples\malware\abusech\teabot_93880cd38abffa10e753c17ae7c14f0833356cba601bd1a3d3998859f47c900f.apk
9508ff9b7bdc06a220ba132eecf2d35bee47072ed9bff82fb24bc0e110ab1652,androzoo_drebin,Iconosys,yes,high,30,existing:gt_json,D:\DroidForensix\samples\malware\androzoo_drebin\Iconosys_9508ff9b7bdc06a220ba132eecf2d35bee47072ed9bff82fb24bc0e110ab1652.apk
95236ef71738807ce60ef7d042699decb7156931931682cf46e6adc991dc9ecb,abusech,Andr/Banker-HDY,yes,high,10,vt_consensus_10,D:\DroidForensix\samples\malware\abusech\unknown_95236ef71738807ce60ef7d042699decb7156931931682cf46e6adc991dc9ecb.apk
9628acabe739b5419f08c5a5c3cd776268bf4a3c25c978341e403bde442e0ece,abusech,AndroidOS,yes,high,24,vt_consensus_24,D:\DroidForensix\samples\malware\abusech\unknown_9628acabe739b5419f08c5a5c3cd776268bf4a3c25c978341e403bde442e0ece.apk
97936d7873348f905d119dd9399261374aae494296e1b5fb3df521ef3cc76405,abusech,SpyMax,yes,high,30,vt_consensus_30,D:\DroidForensix\samples\malware\abusech\spynote_97936d7873348f905d119dd9399261374aae494296e1b5fb3df521ef3cc76405.apk
97b0f46920e69a0aa5abe2284fe1e7bf9d2efa7ecfb4a29a7ba9b8a92e92c0c9,androzoo_drebin,DroidKungFu,yes,high,41,vt_consensus_41,D:\DroidForensix\samples\malware\androzoo_drebin\DroidKungFu_97b0f46920e69a0aa5abe2284fe1e7bf9d2efa7ecfb4a29a7ba9b8a92e92c0c9.apk
9904bb103fae65ab3dd712f6b9ff361d3f3cb3a4cc814b69f0af3e2f1a837ecd,abusech,Gen,yes,high,17,vt_consensus_17,D:\DroidForensix\samples\malware\abusech\unknown_9904bb103fae65ab3dd712f6b9ff361d3f3cb3a4cc814b69f0af3e2f1a837ecd.apk
9a7534768302bdafa51f7abc698639eb23bb38a8c41a362f41b182ae9171969a,androzoo_drebin,Imlog,yes,high,36,vt_consensus_36,D:\DroidForensix\samples\malware\androzoo_drebin\Imlog_9a7534768302bdafa51f7abc698639eb23bb38a8c41a362f41b182ae9171969a.apk
9a836ef59a4fb8cae0543fed24ca8c53015bee86d6b0ead0086917681c7576d4,modern_eval,FantasyHub,yes,medium,0,existing:modern,D:\DroidForensix\samples\malware\modern_eval\9a836ef59a4fb8cae0543fed24ca8c53015bee86d6b0ead0086917681c7576d4.apk
9b5905a253141d4f64394de73775541a7bb16714cff8d18684e24ae887c97fc2,abusech,BankBot,yes,medium,3,vt_detected_3,D:\DroidForensix\samples\malware\abusech\ermac_9b5905a253141d4f64394de73775541a7bb16714cff8d18684e24ae887c97fc2.apk
9c1cc79b801e8d632bdb73517588e9e7626cf22643263f038c20cc42dfd0f922,abusech,SpyMax,yes,high,31,vt_consensus_31,D:\DroidForensix\samples\malware\abusech\spynote_9c1cc79b801e8d632bdb73517588e9e7626cf22643263f038c20cc42dfd0f922.apk
9c23c73a7fa3b1b3df8a61866dc36d263aa0754a0bb194e0d164a4773f4537f2,modern_eval,FantasyHub,yes,medium,0,existing:modern,D:\DroidForensix\samples\malware\modern_eval\9c23c73a7fa3b1b3df8a61866dc36d263aa0754a0bb194e0d164a4773f4537f2.apk
9c97d8ba3cab23750c3837b024bedde7e6bb7e27f5e6ff3bcd3817b9b9eb33d7,abusech,General,yes,medium,9,vt_detected_9,D:\DroidForensix\samples\malware\abusech\unknown_9c97d8ba3cab23750c3837b024bedde7e6bb7e27f5e6ff3bcd3817b9b9eb33d7.apk
9cf1ad53db4a31e4be0cfba7bf15f1e414cdf12327063a419be6cdea4700adfd,abusech,Banker,yes,high,24,vt_consensus_24,D:\DroidForensix\samples\malware\abusech\hydra_9cf1ad53db4a31e4be0cfba7bf15f1e414cdf12327063a419be6cdea4700adfd.apk
9e95912f1a5fdba5050723f095b7031770b7e2f9627fb60544b41adcbb5b3306,abusech,AndroidOS,yes,high,24,vt_consensus_24,D:\DroidForensix\samples\malware\abusech\unknown_9e95912f1a5fdba5050723f095b7031770b7e2f9627fb60544b41adcbb5b3306.apk
9f2d916b1e0ee486f5a49e3e9887eae59dbdca0a554139ae9a4dc8edc2f12de0,abusech,BankBot,yes,high,41,vt_consensus_34,D:\DroidForensix\samples\malware\abusech\teabot_9f2d916b1e0ee486f5a49e3e9887eae59dbdca0a554139ae9a4dc8edc2f12de0.apk
9f42721255d8d62b4595b9040a9a7d742c8fe2a5ff17745c8e250cd04928c480,modern_eval,unknown,yes,medium,0,existing:modern,D:\DroidForensix\samples\malware\modern_eval\9f42721255d8d62b4595b9040a9a7d742c8fe2a5ff17745c8e250cd04928c480.apk
9fefd2c820fb28d50bc55c3320964635f27f1a74ac89dfc5aed8b6d5a09980f5,abusech,Agent,yes,high,24,vt_consensus_24,D:\DroidForensix\samples\malware\abusech\PixRevolution_9fefd2c820fb28d50bc55c3320964635f27f1a74ac89dfc5aed8b6d5a09980f5.apk
a022c24d8295dee70c0f090e4328063971170c33f7bf313b4debbc51d1a2b127,androzoo_drebin,Adrd,yes,high,45,existing:gt_json,D:\DroidForensix\samples\malware\androzoo_drebin\Adrd_a022c24d8295dee70c0f090e4328063971170c33f7bf313b4debbc51d1a2b127.apk
a023fa166051294fe5a569f26092588fdf24a060de46e5cd5be9a5c5bb3b0204,androzoo_drebin,Backdoor,yes,high,42,vt_consensus_42,D:\DroidForensix\samples\malware\androzoo_drebin\DroidKungFu_a023fa166051294fe5a569f26092588fdf24a060de46e5cd5be9a5c5bb3b0204.apk
a0bffc11168c65beb59c326d88f144f0d750634252a507ffe039c84e354e3704,androzoo_drebin,A,yes,high,38,vt_consensus_37,D:\DroidForensix\samples\malware\androzoo_drebin\SendPay_a0bffc11168c65beb59c326d88f144f0d750634252a507ffe039c84e354e3704.apk
a15419356485660f68b50027abc76a052d34427b45eebb23573294c21d834eaa,androzoo_drebin,Opfake,yes,high,36,vt_consensus_36,D:\DroidForensix\samples\malware\androzoo_drebin\Opfake_a15419356485660f68b50027abc76a052d34427b45eebb23573294c21d834eaa.apk
a1ba273a24f92e4936005f0f7c5b895e07d974b11516bcad50d6077bf3a8f868,androzoo_drebin,Kmin,yes,high,38,vt_consensus_38,D:\DroidForensix\samples\malware\androzoo_drebin\Kmin_a1ba273a24f92e4936005f0f7c5b895e07d974b11516bcad50d6077bf3a8f868.apk
a1e9f466900002ef2efba2e1b95178421d28d64635b1c78791c3a6c8159c7be4,androzoo_drebin,GinMaster,yes,high,31,existing:gt_json,D:\DroidForensix\samples\malware\androzoo_drebin\GinMaster_a1e9f466900002ef2efba2e1b95178421d28d64635b1c78791c3a6c8159c7be4.apk
a3ade4b9e03e459a5955d68c52f8dbf893ce0c2bfb56c1c8b7415ecfb7ec9246,modern_eval,Mirax,yes,medium,0,existing:modern,D:\DroidForensix\samples\malware\modern_eval\a3ade4b9e03e459a5955d68c52f8dbf893ce0c2bfb56c1c8b7415ecfb7ec9246.apk
a3cd2d8dab7ced749a29307797a0dfefe238864b1f5bf6bafdf6e66c30c009b6,androzoo_drebin,GinMaster,yes,high,32,existing:gt_json,D:\DroidForensix\samples\malware\androzoo_drebin\GinMaster_a3cd2d8dab7ced749a29307797a0dfefe238864b1f5bf6bafdf6e66c30c009b6.apk
a778818cc08d213d1f66db5fa8b34aabc862569ecb99fd1aea37ff6ccab48400,abusech,GenericKD,yes,high,39,vt_consensus_39,D:\DroidForensix\samples\malware\abusech\flubot_a778818cc08d213d1f66db5fa8b34aabc862569ecb99fd1aea37ff6ccab48400.apk
a83a003b989c2dcd12fb0f80dfd458a099f33c1a1f052b2c53ece5f719063495,androzoo_drebin,Backdoor,yes,high,37,vt_consensus_37,D:\DroidForensix\samples\malware\androzoo_drebin\GinMaster_a83a003b989c2dcd12fb0f80dfd458a099f33c1a1f052b2c53ece5f719063495.apk
a93d66a127091d11090f544514d7e677c24db69d361008e60fffc5200331a1fe,abusech,Agent,yes,high,40,vt_consensus_40,D:\DroidForensix\samples\malware\abusech\exobot_a93d66a127091d11090f544514d7e677c24db69d361008e60fffc5200331a1fe.apk
a945198c086ad3fe0c5dbbce5ef410ea12986c9c160295d76be881c5f8ae0880,androzoo_drebin,FakeRun,yes,high,36,vt_consensus_36,D:\DroidForensix\samples\malware\androzoo_drebin\FakeRun_a945198c086ad3fe0c5dbbce5ef410ea12986c9c160295d76be881c5f8ae0880.apk
a959108ec8f93ee4c71e588236788d17372f9d61b8f71a509a776f097889f36b,abusech,AndroidOS,yes,high,26,vt_consensus_26,D:\DroidForensix\samples\malware\abusech\flubot_a959108ec8f93ee4c71e588236788d17372f9d61b8f71a509a776f097889f36b.apk
a9d1561ed0d23a5473d68069337e2f8e7862f7b72b74251eb63ccc883ba9459f,abusech,GenericKD,yes,high,40,vt_consensus_40,D:\DroidForensix\samples\malware\abusech\escobar_a9d1561ed0d23a5473d68069337e2f8e7862f7b72b74251eb63ccc883ba9459f.apk
aa8127463312dac0158e74d56a3e3c2f50d9cf98c09942a27cf95081348874a3,androzoo_drebin,Adware,yes,high,35,vt_consensus_35,D:\DroidForensix\samples\malware\androzoo_drebin\Plankton_aa8127463312dac0158e74d56a3e3c2f50d9cf98c09942a27cf95081348874a3.apk
ab1363201d0897ab7c55dceb1f8664a58ac65fe4aee3c9600c5d7659f8ae58a9,abusech,SpyMax,yes,high,25,vt_consensus_25,D:\DroidForensix\samples\malware\abusech\spynote_ab1363201d0897ab7c55dceb1f8664a58ac65fe4aee3c9600c5d7659f8ae58a9.apk
abf62033c4b913bf8368de607fdc4dd2677f9441541db3c2a9375dd9130ff9bb,abusech,Trojan ( 005cbb901 ),yes,high,11,vt_consensus_11,D:\DroidForensix\samples\malware\abusech\unknown_abf62033c4b913bf8368de607fdc4dd2677f9441541db3c2a9375dd9130ff9bb.apk
ad9f39e6166a47ae16359777b607055198cda23f004d9d7b066e22c0d0cf1e6d,abusech,Agent,yes,high,17,vt_consensus_17,D:\DroidForensix\samples\malware\abusech\unknown_ad9f39e6166a47ae16359777b607055198cda23f004d9d7b066e22c0d0cf1e6d.apk
addbd8770b53a50e83c711143332c76e9160f920675e2de5591669d3b93f499b,modern_eval,unknown,yes,medium,0,existing:modern,D:\DroidForensix\samples\malware\modern_eval\addbd8770b53a50e83c711143332c76e9160f920675e2de5591669d3b93f499b.apk
ae502f67782e9cc2a6e33b868f14467f3dabf126e868a8e10a68aa2ddd4092e1,abusech,Banker,yes,high,31,vt_consensus_31,D:\DroidForensix\samples\malware\abusech\ermac_ae502f67782e9cc2a6e33b868f14467f3dabf126e868a8e10a68aa2ddd4092e1.apk
b0861e7d9dbcd63679ccef606b67ad0ef0283f4a7cb14efe14716fbad328cf5b,androzoo_drebin,FakeDoc,yes,high,34,vt_consensus_34,D:\DroidForensix\samples\malware\androzoo_drebin\FakeDoc_b0861e7d9dbcd63679ccef606b67ad0ef0283f4a7cb14efe14716fbad328cf5b.apk
b2225250a1fcff06750f32d3abb999ffe26fbd21abc7b87ff0e91f8e0449652c,abusech,unknown,yes,low,0,source:abusech_no_vt_confirmation,D:\DroidForensix\samples\malware\abusech\unknown_b2225250a1fcff06750f32d3abb999ffe26fbd21abc7b87ff0e91f8e0449652c.apk
b439f642007bd707ac806ba3f71e7b2a022e261fbd9b5dd3882afd8664db98c4,androzoo_drebin,Imlog,yes,high,33,existing:gt_json,D:\DroidForensix\samples\malware\androzoo_drebin\Imlog_b439f642007bd707ac806ba3f71e7b2a022e261fbd9b5dd3882afd8664db98c4.apk
b459673b77209ff89a2833977b4de341a529722f1e4662451b514df220e13afc,modern_eval,Andr/Xgen2-AYJ,yes,high,15,vt_consensus_15,D:\DroidForensix\samples\malware\modern_eval\b459673b77209ff89a2833977b4de341a529722f1e4662451b514df220e13afc.apk
b4dadf3553bb82499c4d0b6be96c47c46abc6904b611376d75c844ffb83725c6,abusech,33107585,yes,high,32,vt_consensus_32,D:\DroidForensix\samples\malware\abusech\exobot_b4dadf3553bb82499c4d0b6be96c47c46abc6904b611376d75c844ffb83725c6.apk
b634c8c0ec3a4d682630eed6ac1cc8d5e2b0481110121990edcb4e0df9867698,modern_eval,unknown,yes,medium,0,existing:modern,D:\DroidForensix\samples\malware\modern_eval\b634c8c0ec3a4d682630eed6ac1cc8d5e2b0481110121990edcb4e0df9867698.apk
b74b65f68641feb46d22fddb595fff57cba53f5e3d4d780f4b1bf9b2682a9230,abusech,Gen,yes,high,36,vt_consensus_16,D:\DroidForensix\samples\malware\abusech\teabot_b74b65f68641feb46d22fddb595fff57cba53f5e3d4d780f4b1bf9b2682a9230.apk
b7f8c6b76b8b1a0f99fbec5eb467983e8fd18f3ef496957bd8fb9c5bfca5e50b,modern_eval,FantasyHub,yes,medium,0,existing:modern,D:\DroidForensix\samples\malware\modern_eval\b7f8c6b76b8b1a0f99fbec5eb467983e8fd18f3ef496957bd8fb9c5bfca5e50b.apk
b7ffef61c60d80eee806f36f30f80ff9cf3f73d522bd05e192fa34dcf2e87224,modern_eval,FantasyHub,yes,medium,0,existing:modern,D:\DroidForensix\samples\malware\modern_eval\b7ffef61c60d80eee806f36f30f80ff9cf3f73d522bd05e192fa34dcf2e87224.apk
b88e7421bc61f4ce20c0694418fc97c1e77cfd3f2053857f87cc47512a55c3d3,abusech,GenericKD,yes,high,36,vt_consensus_34,D:\DroidForensix\samples\malware\abusech\teabot_b88e7421bc61f4ce20c0694418fc97c1e77cfd3f2053857f87cc47512a55c3d3.apk
b8ed964e21a6f480dccb593f85854b835f0693472c5857d52af3efa5a4cc244b,androzoo_drebin,KungFu,yes,high,37,vt_consensus_37,D:\DroidForensix\samples\malware\androzoo_drebin\DroidKungFu_b8ed964e21a6f480dccb593f85854b835f0693472c5857d52af3efa5a4cc244b.apk
bb5c794018995f39d831214c479d96dad7d51bf34471b0613ea69489e5fc4fd5,abusech,Banker,yes,high,27,vt_consensus_27,D:\DroidForensix\samples\malware\abusech\hydra_bb5c794018995f39d831214c479d96dad7d51bf34471b0613ea69489e5fc4fd5.apk
bb990fe92faff97b2e3e606ca0eeac34253c471d9e84da98111e1c81cfd0a960,modern_eval,FantasyHub,yes,medium,0,existing:modern,D:\DroidForensix\samples\malware\modern_eval\bb990fe92faff97b2e3e606ca0eeac34253c471d9e84da98111e1c81cfd0a960.apk
bc377ac35e40f0a9d233d5c985804c99396a45dc5dd45a2c8e134a458b05241c,androzoo_drebin,DroidKungFu,yes,high,40,vt_consensus_40,D:\DroidForensix\samples\malware\androzoo_drebin\DroidKungFu_bc377ac35e40f0a9d233d5c985804c99396a45dc5dd45a2c8e134a458b05241c.apk
bca248d31bf87b605e8cca7587a9753d58a9ad9a8f7e6f7f882d03150d72869f,abusech,AndroidOS,yes,high,18,vt_consensus_18,D:\DroidForensix\samples\malware\abusech\unknown_bca248d31bf87b605e8cca7587a9753d58a9ad9a8f7e6f7f882d03150d72869f.apk
bcf129023a712e3ab8a8f6d67e74e7914550ffa8e718b0939b7d5238d8b69863,androzoo_drebin,FakeInstaller,yes,high,34,existing:gt_json,D:\DroidForensix\samples\malware\androzoo_drebin\FakeInstaller_bcf129023a712e3ab8a8f6d67e74e7914550ffa8e718b0939b7d5238d8b69863.apk
be4ada35dec3ef666681ddcf440be04f370067ee588734cabf630295742d1fd9,androzoo_drebin,Linux,yes,high,49,vt_consensus_49,D:\DroidForensix\samples\malware\androzoo_drebin\DroidKungFu_be4ada35dec3ef666681ddcf440be04f370067ee588734cabf630295742d1fd9.apk
bedf51a5732d94c173bcd8ed918333954f5a78307c2a2f064b97b43278330f54,androzoo_drebin,DroidKungFu,yes,high,33,existing:gt_json,D:\DroidForensix\samples\malware\androzoo_drebin\DroidKungFu_bedf51a5732d94c173bcd8ed918333954f5a78307c2a2f064b97b43278330f54.apk
beeeb3cafc0ea246cc6dd82d82489621414d6cab9ceb50e70fd9835f5733178c,androzoo_drebin,Spitmo,yes,high,34,existing:gt_json,D:\DroidForensix\samples\malware\androzoo_drebin\Spitmo_beeeb3cafc0ea246cc6dd82d82489621414d6cab9ceb50e70fd9835f5733178c.apk
bf06df823a0a0b1b4618ee736f5f0bd508b315ea3c6b96a16d2a0d0e58906346,abusech,SpyMax,yes,high,28,vt_consensus_28,D:\DroidForensix\samples\malware\abusech\spynote_bf06df823a0a0b1b4618ee736f5f0bd508b315ea3c6b96a16d2a0d0e58906346.apk
bf586ec8ce8528d26ec491fa5864dc590cefae88da176246296bb849e226a0c8,modern_eval,SpyNote,yes,medium,0,existing:modern,D:\DroidForensix\samples\malware\modern_eval\bf586ec8ce8528d26ec491fa5864dc590cefae88da176246296bb849e226a0c8.apk
bfd3204c603ef403a2f9bcc172a368764b7b87e7d72e3dfd1d3dfb53f77215ad,androzoo_drebin,SendPay,yes,high,35,vt_consensus_35,D:\DroidForensix\samples\malware\androzoo_drebin\SendPay_bfd3204c603ef403a2f9bcc172a368764b7b87e7d72e3dfd1d3dfb53f77215ad.apk
c17aff83c3fbddb86fe5a40d7a654af5591b16522fb15c222bbf3d57b0b16748,modern_eval,unknown,yes,medium,0,existing:modern,D:\DroidForensix\samples\malware\modern_eval\c17aff83c3fbddb86fe5a40d7a654af5591b16522fb15c222bbf3d57b0b16748.apk
c2c1902b3021355c1619b281875da45fe8a3f0dc26f35c4129e44de3fc3ea810,androzoo_drebin,Backdoor,yes,high,41,vt_consensus_41,D:\DroidForensix\samples\malware\androzoo_drebin\BaseBridge_c2c1902b3021355c1619b281875da45fe8a3f0dc26f35c4129e44de3fc3ea810.apk
c3c7df127552aa2594ad335d7cc955cb1274cc322455a89b1856a2adf9f83ded,abusech,GenericKD,yes,high,29,vt_consensus_29,D:\DroidForensix\samples\malware\abusech\teabot_c3c7df127552aa2594ad335d7cc955cb1274cc322455a89b1856a2adf9f83ded.apk
c525bb9b2f30926c971e1ac68100871d2aa82bad87ee05a1fe2e6e83a1dce1fd,androzoo_drebin,Kmin,yes,high,34,existing:gt_json,D:\DroidForensix\samples\malware\androzoo_drebin\Kmin_c525bb9b2f30926c971e1ac68100871d2aa82bad87ee05a1fe2e6e83a1dce1fd.apk
c5544517f1be9d5a721a951d906b26f9ad11adf4a06c3660a75e89f07dabb8aa,abusech,Gen,yes,high,22,vt_consensus_22,D:\DroidForensix\samples\malware\abusech\unknown_c5544517f1be9d5a721a951d906b26f9ad11adf4a06c3660a75e89f07dabb8aa.apk
c565f4b9b3c6bb095c6ce62ab02c5cc8a84502231f4facdddb6f3d7af2321b5e,abusech,GenericKD,yes,high,40,vt_consensus_40,D:\DroidForensix\samples\malware\abusech\hydra_c565f4b9b3c6bb095c6ce62ab02c5cc8a84502231f4facdddb6f3d7af2321b5e.apk
c5996e7a701f1154b48f962d01d457f9b7e95d9c3dd9bbd6a8e083865d563622,abusech,GenericKD,yes,high,40,vt_consensus_40,D:\DroidForensix\samples\malware\abusech\ermac_c5996e7a701f1154b48f962d01d457f9b7e95d9c3dd9bbd6a8e083865d563622.apk
c699d9b9896d4842c16e418bdff5d7d18c99a102da111880fa455fc1a39bba5a,androzoo_drebin,DroidDream,yes,high,30,existing:gt_json,D:\DroidForensix\samples\malware\androzoo_drebin\DroidDream_c699d9b9896d4842c16e418bdff5d7d18c99a102da111880fa455fc1a39bba5a.apk
c7944bdac5ce3255a56e77c6f2a83917f4b8a909646396669d408f207e751772,abusech,40094400,yes,high,34,vt_consensus_34,D:\DroidForensix\samples\malware\abusech\unknown_c7944bdac5ce3255a56e77c6f2a83917f4b8a909646396669d408f207e751772.apk
c8bb60d2a82e7f1991fb2ad3e5797cf53117e0d36f64e9ca49dd1682654ec735,androzoo_drebin,FakeInst,yes,high,47,vt_consensus_47,D:\DroidForensix\samples\malware\androzoo_drebin\FakeInstaller_c8bb60d2a82e7f1991fb2ad3e5797cf53117e0d36f64e9ca49dd1682654ec735.apk
ca9ae76de194548709966263c227709d5c57c8e57f07f50d1532cf52fc5f438d,modern_eval,unknown,yes,medium,0,existing:modern,D:\DroidForensix\samples\malware\modern_eval\ca9ae76de194548709966263c227709d5c57c8e57f07f50d1532cf52fc5f438d.apk
cb0a4a758877e3f18a85fe307c6d4a7baf9924aab93bcbcb41f81eb13d9ac0f6,modern_eval,unknown,yes,medium,0,existing:modern,D:\DroidForensix\samples\malware\modern_eval\cb0a4a758877e3f18a85fe307c6d4a7baf9924aab93bcbcb41f81eb13d9ac0f6.apk
cb147e7ce69723523f604da875d78ca4738e5f416d2297910ee179a5067e79fe,abusech,AndroidOS,yes,high,23,vt_consensus_23,D:\DroidForensix\samples\malware\abusech\unknown_cb147e7ce69723523f604da875d78ca4738e5f416d2297910ee179a5067e79fe.apk
cb7744fe6345dd0e4f15f1acdde23ecb6d484b3c8a6ce8792628a6a1453eefa4,modern_eval,unknown,yes,medium,0,existing:modern,D:\DroidForensix\samples\malware\modern_eval\cb7744fe6345dd0e4f15f1acdde23ecb6d484b3c8a6ce8792628a6a1453eefa4.apk
cbc71b0bd3f94cb163a8ab106242aa7638aced10e7b8c4d6179bc7fc5ba649f2,modern_eval,unknown,yes,medium,0,existing:modern,D:\DroidForensix\samples\malware\modern_eval\cbc71b0bd3f94cb163a8ab106242aa7638aced10e7b8c4d6179bc7fc5ba649f2.apk
ccb7b86f0563408816e3ceaedc0b79cf8d48977fcf77c389e4d0db9be8cd28f1,androzoo_drebin,FakeInst,yes,high,39,vt_consensus_39,D:\DroidForensix\samples\malware\androzoo_drebin\FakeInstaller_ccb7b86f0563408816e3ceaedc0b79cf8d48977fcf77c389e4d0db9be8cd28f1.apk
ce312487b225fbd0ed8216bdc75058fd6032e60b74e8c0334e0d8d3c01e975c1,androzoo_drebin,Lemon,yes,high,32,vt_consensus_32,D:\DroidForensix\samples\malware\androzoo_drebin\Lemon_ce312487b225fbd0ed8216bdc75058fd6032e60b74e8c0334e0d8d3c01e975c1.apk
ce462b41ab7480dce4f290a9921fca51ba40e502d480a348d50770607e3d02b9,abusech,NGate,yes,high,22,vt_consensus_22,D:\DroidForensix\samples\malware\abusech\unknown_ce462b41ab7480dce4f290a9921fca51ba40e502d480a348d50770607e3d02b9.apk
ce480d22d9936bc469d46abbcd51bdb74dc201216c29a97ba21c40e0299335bc,abusech,Banker,yes,high,29,vt_consensus_29,D:\DroidForensix\samples\malware\abusech\hydra_ce480d22d9936bc469d46abbcd51bdb74dc201216c29a97ba21c40e0299335bc.apk
ceb48e4b9d82b2ab7b486393048cdc78c6dfaf88799521e63677b06975f707cd,abusech,GenericKD,yes,high,38,vt_consensus_38,D:\DroidForensix\samples\malware\abusech\hydra_ceb48e4b9d82b2ab7b486393048cdc78c6dfaf88799521e63677b06975f707cd.apk
d2588ff4362c7532a31beea1acbe156cc8ff63fc571387c9954b09bfcd3ab2a2,androzoo_drebin,Opfake,yes,high,34,vt_consensus_34,D:\DroidForensix\samples\malware\androzoo_drebin\Opfake_d2588ff4362c7532a31beea1acbe156cc8ff63fc571387c9954b09bfcd3ab2a2.apk
d29295f1504676003fd3ccbd3e41a53aabbe80d2025bfb3a6ef9a9fcff97b6cd,abusech,AndroidOS,yes,high,23,vt_consensus_23,D:\DroidForensix\samples\malware\abusech\unknown_d29295f1504676003fd3ccbd3e41a53aabbe80d2025bfb3a6ef9a9fcff97b6cd.apk
d406875062926f8a66fec10b45ab924193faa7fd8a01667d4aacb41387c4185d,androzoo_drebin,Hamob,yes,high,30,vt_consensus_30,D:\DroidForensix\samples\malware\androzoo_drebin\Hamob_d406875062926f8a66fec10b45ab924193faa7fd8a01667d4aacb41387c4185d.apk
d44d9cef26adf2c20c4bdb0d950e13507f8fad0bed8c10812d99e2463e563d66,androzoo_drebin,Opfake,yes,high,34,vt_consensus_34,D:\DroidForensix\samples\malware\androzoo_drebin\Opfake_d44d9cef26adf2c20c4bdb0d950e13507f8fad0bed8c10812d99e2463e563d66.apk
d472e114361dd2c6ebafb60daa72ba2db09752de5b243538f0fee18410ad6a25,modern_eval,SpyNote,yes,medium,0,existing:modern,D:\DroidForensix\samples\malware\modern_eval\d472e114361dd2c6ebafb60daa72ba2db09752de5b243538f0fee18410ad6a25.apk
d4b3fa551ff6282287ea8d30b2860a55198f0a8c76cf20ea27bba95113628f69,androzoo_drebin,Stiniter,yes,high,27,existing:gt_json,D:\DroidForensix\samples\malware\androzoo_drebin\Stiniter_d4b3fa551ff6282287ea8d30b2860a55198f0a8c76cf20ea27bba95113628f69.apk
d5624c7f869504a65986278f6b7921726aa08355d1f203beaee6e6a8869505f4,androzoo_drebin,AndroidOS,yes,high,33,vt_consensus_33,D:\DroidForensix\samples\malware\androzoo_drebin\Nyleaker_d5624c7f869504a65986278f6b7921726aa08355d1f203beaee6e6a8869505f4.apk
d5ca7ba75cfb8fd76929c1b8f6547780d8305a6654b6423124d380ff59b0d1c9,abusech,Banker,yes,high,28,vt_consensus_28,D:\DroidForensix\samples\malware\abusech\d5ca7ba75cfb8fd76929c1b8f6547780d8305a6654b6423124d380ff59b0d1c9.apk
d65ae353ce5d975cea85bb0fab578590a90061173657ba2e1a0c1110d9b8eb91,abusech,Agent,yes,high,37,vt_consensus_37,D:\DroidForensix\samples\malware\abusech\d65ae353ce5d975cea85bb0fab578590a90061173657ba2e1a0c1110d9b8eb91.apk
d6d1f2dd6db3177ccbde0fe17170cc4fa81078d1a9a900f1f5dd73ddce5f06e6,modern_eval,unknown,yes,medium,0,existing:modern,D:\DroidForensix\samples\malware\modern_eval\d6d1f2dd6db3177ccbde0fe17170cc4fa81078d1a9a900f1f5dd73ddce5f06e6.apk
d7233e269b529198362c29b5f8a15f09e7e4e282c8e35eb68b45b57978f63dd2,androzoo_drebin,AndroidOS,yes,high,38,vt_consensus_38,D:\DroidForensix\samples\malware\androzoo_drebin\DroidKungFu_d7233e269b529198362c29b5f8a15f09e7e4e282c8e35eb68b45b57978f63dd2.apk
d76c3dc5540ab91a222420a7f6b8cee47ad47618b2b1f334f4053115c92696e6,androzoo_drebin,AndroidOS,yes,high,42,vt_consensus_42,D:\DroidForensix\samples\malware\androzoo_drebin\Opfake_d76c3dc5540ab91a222420a7f6b8cee47ad47618b2b1f334f4053115c92696e6.apk
d79cb0972064102afd1bfbabe9a39262bdc864b10f95e60c47e605d1d3f18562,androzoo_drebin,GinMaster,yes,high,36,vt_consensus_36,D:\DroidForensix\samples\malware\androzoo_drebin\GinMaster_d79cb0972064102afd1bfbabe9a39262bdc864b10f95e60c47e605d1d3f18562.apk
d7ddce85033dd6a5bb68d2751d903fe7cbda741c64351b9d5632ad4661add63a,abusech,AppRisk,yes,medium,6,vt_detected_6,D:\DroidForensix\samples\malware\abusech\unknown_d7ddce85033dd6a5bb68d2751d903fe7cbda741c64351b9d5632ad4661add63a.apk
d846f593c4a63614d2810a10f14196a1da43b8bfdc60f6c781a63cf8fcfd632e,androzoo_drebin,AndroidOS,yes,high,38,vt_consensus_38,D:\DroidForensix\samples\malware\androzoo_drebin\Opfake_d846f593c4a63614d2810a10f14196a1da43b8bfdc60f6c781a63cf8fcfd632e.apk
d8882d6a246da7bbdda1ae82c0328601c4dc6cf368e3c0227e6b19a9e1042374,androzoo_drebin,MobileTx,yes,high,32,vt_consensus_32,D:\DroidForensix\samples\malware\androzoo_drebin\MobileTx_d8882d6a246da7bbdda1ae82c0328601c4dc6cf368e3c0227e6b19a9e1042374.apk
d8b3327efe0c98be433a7a73591facb031fadcad747ad99e4ac3ccd0e6751290,modern_eval,UKP,yes,high,18,vt_consensus_18,D:\DroidForensix\samples\malware\modern_eval\d8b3327efe0c98be433a7a73591facb031fadcad747ad99e4ac3ccd0e6751290.apk
d921e4c59b048aa4085712054c1fa0cac28994f8857b519f27a297b8f2c5d77d,abusech,Trojan-Dropper,yes,high,19,vt_consensus_19,D:\DroidForensix\samples\malware\abusech\d921e4c59b048aa4085712054c1fa0cac28994f8857b519f27a297b8f2c5d77d.apk
d98a9aac37efc24c8680c51ce925b4ef8472ddaf62e044dcf2cb7106e3e940b5,androzoo_drebin,AndroidOS,yes,high,39,vt_consensus_39,D:\DroidForensix\samples\malware\androzoo_drebin\Opfake_d98a9aac37efc24c8680c51ce925b4ef8472ddaf62e044dcf2cb7106e3e940b5.apk
dbfc18d920ae1c2acab8aeb4eda81da4f3acd39dd3d5c8faa0cb20dfd85593d3,abusech,AndroidOS,yes,medium,9,vt_detected_9,D:\DroidForensix\samples\malware\abusech\unknown_dbfc18d920ae1c2acab8aeb4eda81da4f3acd39dd3d5c8faa0cb20dfd85593d3.apk
dcb44dcc682dfe8ac8582125fb201c583809c12f578e70eafd6c37de3cf06f86,abusech,Gen,yes,high,34,vt_consensus_29,D:\DroidForensix\samples\malware\abusech\dcb44dcc682dfe8ac8582125fb201c583809c12f578e70eafd6c37de3cf06f86.apk
dceebf2ce1186b22f60b7ee064670db88347761767ea8610a35e50e568b348b3,modern_eval,unknown,yes,medium,0,existing:modern,D:\DroidForensix\samples\malware\modern_eval\dceebf2ce1186b22f60b7ee064670db88347761767ea8610a35e50e568b348b3.apk
dd11c105ec8bb3c851f5955fa53eebb91b7dc46bef4d919ee4b099e825c56325,androzoo_drebin,GinMaster,yes,high,33,existing:gt_json,D:\DroidForensix\samples\malware\androzoo_drebin\GinMaster_dd11c105ec8bb3c851f5955fa53eebb91b7dc46bef4d919ee4b099e825c56325.apk
ddabe5999dbc9ffbc8b804a7ea6bb61415bc88e346b2d2c0d53bfff9dcc88d32,abusech,GenericKD,yes,high,36,vt_consensus_36,D:\DroidForensix\samples\malware\abusech\ddabe5999dbc9ffbc8b804a7ea6bb61415bc88e346b2d2c0d53bfff9dcc88d32.apk
ddc10ee44c7b3320e0cc2f951043bc3289de25e95bad25f315b709d14155963f,androzoo_drebin,FaceNiff,yes,high,37,vt_consensus_34,D:\DroidForensix\samples\malware\androzoo_drebin\FaceNiff_ddc10ee44c7b3320e0cc2f951043bc3289de25e95bad25f315b709d14155963f.apk
de1d599dce6596fb6b5ed9aea4654e98e477877d6029e173a39a0dbd9db86f5c,abusech,Android/Agent,yes,high,20,vt_consensus_20,D:\DroidForensix\samples\malware\abusech\unknown_de1d599dce6596fb6b5ed9aea4654e98e477877d6029e173a39a0dbd9db86f5c.apk
dea110082d57d210d746c7d9fe791d8e297de82ccd5e48c2813c615a45913e8e,modern_eval,SpyNote,yes,medium,0,existing:modern,D:\DroidForensix\samples\malware\modern_eval\dea110082d57d210d746c7d9fe791d8e297de82ccd5e48c2813c615a45913e8e.apk
decf0f2e6d42f5da6ef5f77954115e5cbbb8d68edab7151cf34d28a6d49cb9f8,abusech,Banker,yes,high,25,vt_consensus_25,D:\DroidForensix\samples\malware\abusech\decf0f2e6d42f5da6ef5f77954115e5cbbb8d68edab7151cf34d28a6d49cb9f8.apk
ded693418a1c5368e377ac654e06a5bac04faff52ee0ef42a31eebcbf1cca2e0,androzoo_drebin,DroidKungFu,yes,high,37,vt_consensus_37,D:\DroidForensix\samples\malware\androzoo_drebin\DroidKungFu_ded693418a1c5368e377ac654e06a5bac04faff52ee0ef42a31eebcbf1cca2e0.apk
df5944f9190614f04a8818a50438dfaf3339fa95289cdc0af54f8f239eb253fd,abusech,Agent,yes,high,32,vt_consensus_31,D:\DroidForensix\samples\malware\abusech\df5944f9190614f04a8818a50438dfaf3339fa95289cdc0af54f8f239eb253fd.apk
e07e7771124f0c5a9a7342e072e27a9cbad6e5ab4bf7fb6b85fc8f4e4495e652,androzoo_drebin,AndroidOS,yes,high,39,vt_consensus_39,D:\DroidForensix\samples\malware\androzoo_drebin\DroidKungFu_e07e7771124f0c5a9a7342e072e27a9cbad6e5ab4bf7fb6b85fc8f4e4495e652.apk
e09615bfdc10f44d5250edeb3a0d032f83177737a15352e9c1e552543f5f756d,androzoo_drebin,Agent,yes,high,45,vt_consensus_45,D:\DroidForensix\samples\malware\androzoo_drebin\Opfake_e09615bfdc10f44d5250edeb3a0d032f83177737a15352e9c1e552543f5f756d.apk
e0f530acc605475dc38c1bae9ecf9f7c94c80b8f24b695e3f8025dba1e8d5c22,abusech,Andr/Banker-HDY,yes,high,16,vt_consensus_16,D:\DroidForensix\samples\malware\abusech\e0f530acc605475dc38c1bae9ecf9f7c94c80b8f24b695e3f8025dba1e8d5c22.apk
e45caa25f87531cff2ee2803374ac78de0757941dd1311e3411ce4cdf6d5d942,androzoo_drebin,FakeInst,yes,high,36,vt_consensus_36,D:\DroidForensix\samples\malware\androzoo_drebin\FakeInstaller_e45caa25f87531cff2ee2803374ac78de0757941dd1311e3411ce4cdf6d5d942.apk
e4a321eff05a64115f04306b581c8fced4626f71963c4fd2188c0e8e92c018c6,abusech,HEUR,yes,medium,5,vt_detected_5,D:\DroidForensix\samples\malware\abusech\e4a321eff05a64115f04306b581c8fced4626f71963c4fd2188c0e8e92c018c6.apk
e6e736df1923c47f6624dab18bf6a341995b5e756395256aa0b3f4c43594481a,abusech,AndroidOS,yes,high,31,vt_consensus_28,D:\DroidForensix\samples\malware\abusech\e6e736df1923c47f6624dab18bf6a341995b5e756395256aa0b3f4c43594481a.apk
e73eb273f49908baedb2a79a07198d3f9e903b795c2594bbea5c8e2841e8729b,androzoo_drebin,FakeInst,yes,high,41,vt_consensus_41,D:\DroidForensix\samples\malware\androzoo_drebin\FakeInstaller_e73eb273f49908baedb2a79a07198d3f9e903b795c2594bbea5c8e2841e8729b.apk
e763dd5e7ae6b2d1436f7f659dd4511e4bef24c5823fd0739dd1c9ec5154a4c0,modern_eval,AndroidOS,yes,high,17,vt_consensus_17,D:\DroidForensix\samples\malware\modern_eval\e763dd5e7ae6b2d1436f7f659dd4511e4bef24c5823fd0739dd1c9ec5154a4c0.apk
e7d07c08a826520ef71bd4a5bfb8c6bc7b907c4f94f18631208cf6037bd88f2d,androzoo_drebin,DroidKungFu,yes,high,36,existing:gt_json,D:\DroidForensix\samples\malware\androzoo_drebin\DroidKungFu_e7d07c08a826520ef71bd4a5bfb8c6bc7b907c4f94f18631208cf6037bd88f2d.apk
e847ffd29dca357027e2fb59eeb5abbce395ea1c819113c3a4e07c5839a7bded,androzoo_drebin,Backdoor,yes,high,37,vt_consensus_37,D:\DroidForensix\samples\malware\androzoo_drebin\BaseBridge_e847ffd29dca357027e2fb59eeb5abbce395ea1c819113c3a4e07c5839a7bded.apk
e9cee469d3610df81d3c1890691c67027dd179337fb93a87164f95469006440a,androzoo_drebin,FakeInst,yes,high,39,vt_consensus_39,D:\DroidForensix\samples\malware\androzoo_drebin\FakeInstaller_e9cee469d3610df81d3c1890691c67027dd179337fb93a87164f95469006440a.apk
e9ef2d3002897f11e041e64863d47a4affbfdc5216f860fab51ae51447a5e23a,androzoo_drebin,Dougalek,yes,high,35,vt_consensus_35,D:\DroidForensix\samples\malware\androzoo_drebin\Dougalek_e9ef2d3002897f11e041e64863d47a4affbfdc5216f860fab51ae51447a5e23a.apk
ea342fa78264a135f081e3c2be4c50b8f03c1a3b314910c89a42da98b98c7ebd,androzoo_drebin,MobileTx,yes,high,37,vt_consensus_37,D:\DroidForensix\samples\malware\androzoo_drebin\MobileTx_ea342fa78264a135f081e3c2be4c50b8f03c1a3b314910c89a42da98b98c7ebd.apk
ea6776fac45c8844242fdb566a17e70569813298235567bbe9fa0dd062f1160b,abusech,AndroidOS,yes,high,31,vt_consensus_31,D:\DroidForensix\samples\malware\abusech\ea6776fac45c8844242fdb566a17e70569813298235567bbe9fa0dd062f1160b.apk
eb1bcca87ab55bd0fe0cf1ec27753fddcd35b6030633da559eee42977279b8db,androzoo_drebin,FakeInstaller,yes,high,39,existing:gt_json,D:\DroidForensix\samples\malware\androzoo_drebin\FakeInstaller_eb1bcca87ab55bd0fe0cf1ec27753fddcd35b6030633da559eee42977279b8db.apk
ec3ac26dc88851ddd209ca93eb156b721ebe4d4dce45188394fe65a8df95c457,abusech,Banker,yes,high,14,vt_consensus_14,D:\DroidForensix\samples\malware\abusech\unknown_ec3ac26dc88851ddd209ca93eb156b721ebe4d4dce45188394fe65a8df95c457.apk
ecf9c8520e13054bcc1b1a18cc335810f7eb97bdbe75fc204ad050228f805216,androzoo_drebin,BaseBridge,yes,high,35,existing:gt_json,D:\DroidForensix\samples\malware\androzoo_drebin\BaseBridge_ecf9c8520e13054bcc1b1a18cc335810f7eb97bdbe75fc204ad050228f805216.apk
ecfebfbbc574d926d4158b40472c6b088a48bf99eb69217218f6c76d912ff993,androzoo_drebin,FakeInst,yes,high,38,vt_consensus_38,D:\DroidForensix\samples\malware\androzoo_drebin\FakeInstaller_ecfebfbbc574d926d4158b40472c6b088a48bf99eb69217218f6c76d912ff993.apk
ed1792c8271e5945b8a038247fe7cacd536739f950f6ebf6039aea6b7c8f6690,androzoo_drebin,FakeInstaller,yes,high,33,existing:gt_json,D:\DroidForensix\samples\malware\androzoo_drebin\FakeInstaller_ed1792c8271e5945b8a038247fe7cacd536739f950f6ebf6039aea6b7c8f6690.apk
edf4b67aee4c8ca76fe8068abceb254df1fea59e49c06664c442e1a70a9c7c85,androzoo_drebin,Plankton,yes,high,27,existing:gt_json,D:\DroidForensix\samples\malware\androzoo_drebin\Plankton_edf4b67aee4c8ca76fe8068abceb254df1fea59e49c06664c442e1a70a9c7c85.apk
f03514da7d38e1a378429296a8d4405368aaad131dc069f513164eff569f7fca,abusech,unknown,yes,low,0,source:abusech_no_vt_confirmation,D:\DroidForensix\samples\malware\abusech\unknown_f03514da7d38e1a378429296a8d4405368aaad131dc069f513164eff569f7fca.apk
f0356bb27b8a1a1774dd7106fbe9a85802de8df1f0b3ad9d7c874ae6dc3d9242,androzoo_drebin,GinMaster,yes,high,37,vt_consensus_37,D:\DroidForensix\samples\malware\androzoo_drebin\GinMaster_f0356bb27b8a1a1774dd7106fbe9a85802de8df1f0b3ad9d7c874ae6dc3d9242.apk
f0462f4d2b0cdb23b0aa43f0faf2194bc947e85b0963c95211560eebe3756595,abusech,AndroidOS,yes,high,29,vt_consensus_29,D:\DroidForensix\samples\malware\abusech\f0462f4d2b0cdb23b0aa43f0faf2194bc947e85b0963c95211560eebe3756595.apk
f07deea7b1b1053728c0079d30240d92c07853e3e37c86fa32540ee5e638d941,abusech,Gen,yes,high,28,vt_consensus_28,D:\DroidForensix\samples\malware\abusech\f07deea7b1b1053728c0079d30240d92c07853e3e37c86fa32540ee5e638d941.apk
f157946d3868fbe013ec23b14f1097bb727654b4f3926322f035e86e3f5f637e,androzoo_drebin,AndroidOS,yes,high,37,vt_consensus_37,D:\DroidForensix\samples\malware\androzoo_drebin\DroidKungFu_f157946d3868fbe013ec23b14f1097bb727654b4f3926322f035e86e3f5f637e.apk
f1c8b34879b04dc94f0a13d33c1e1272bdf9141e56e19da62c1a1b27af128604,androzoo_drebin,FakeInstaller,yes,high,33,existing:gt_json,D:\DroidForensix\samples\malware\androzoo_drebin\FakeInstaller_f1c8b34879b04dc94f0a13d33c1e1272bdf9141e56e19da62c1a1b27af128604.apk
f2305198a4789bc0f74afb7627bf998c2739d00d754eaff51aa2f538ab0329b4,androzoo_drebin,FakeInst,yes,high,37,vt_consensus_37,D:\DroidForensix\samples\malware\androzoo_drebin\FakeInstaller_f2305198a4789bc0f74afb7627bf998c2739d00d754eaff51aa2f538ab0329b4.apk
f39f20ec060481bd89cfbd44654077fcd6404d87a1286685570334bd430e2f18,androzoo_drebin,GinMaster,yes,high,31,existing:gt_json,D:\DroidForensix\samples\malware\androzoo_drebin\GinMaster_f39f20ec060481bd89cfbd44654077fcd6404d87a1286685570334bd430e2f18.apk
f5b84a261a19b8066cb609124d97bc52df08f08f564d32358a15aaf511caf5e4,modern_eval,unknown,yes,medium,0,existing:modern,D:\DroidForensix\samples\malware\modern_eval\f5b84a261a19b8066cb609124d97bc52df08f08f564d32358a15aaf511caf5e4.apk
f73771a1b9887ebe85ce70b6dc459e0ce05ff6f71ba5833b5385a9e0a81af3df,abusech,Trojan ( 005cf1d81 ),yes,high,16,vt_consensus_16,D:\DroidForensix\samples\malware\abusech\unknown_f73771a1b9887ebe85ce70b6dc459e0ce05ff6f71ba5833b5385a9e0a81af3df.apk
f924b3a2932b049fd76c38aec95bac1e4078ac1bebd306acb7d4f1b879916f77,androzoo_drebin,FakeInst,yes,high,40,vt_consensus_40,D:\DroidForensix\samples\malware\androzoo_drebin\FakeInstaller_f924b3a2932b049fd76c38aec95bac1e4078ac1bebd306acb7d4f1b879916f77.apk
f9cad7c0218f34015aaf37f29a51832e1c23038ada5fc49064227d2dfb7f1e43,androzoo_drebin,Gen,yes,high,25,vt_consensus_24,D:\DroidForensix\samples\malware\androzoo_drebin\Boxer_f9cad7c0218f34015aaf37f29a51832e1c23038ada5fc49064227d2dfb7f1e43.apk
fa5d0c455f9891d9ac34bfd679fab34f235712bf3ff64be6887a9e5b017abd44,androzoo_drebin,GinMaster,yes,high,35,vt_consensus_35,D:\DroidForensix\samples\malware\androzoo_drebin\GinMaster_fa5d0c455f9891d9ac34bfd679fab34f235712bf3ff64be6887a9e5b017abd44.apk
fb61404d33ac0737ff718c80082abdbf5bd9883ac5683c9f50dd71728d1805e3,abusech,Bian,yes,high,26,vt_consensus_26,D:\DroidForensix\samples\malware\abusech\fb61404d33ac0737ff718c80082abdbf5bd9883ac5683c9f50dd71728d1805e3.apk
fca210ed8b28a9544d0db5a8387fe75c26091003041220a9d28cb445e8169aad,modern_eval,GhostBat,yes,medium,0,existing:modern,D:\DroidForensix\samples\malware\modern_eval\fca210ed8b28a9544d0db5a8387fe75c26091003041220a9d28cb445e8169aad.apk
fd743672c95ad558086c799c249811c57463b4cd5b7d2c3610302d68fd6b5b7b,androzoo_drebin,Opfake,yes,high,36,vt_consensus_36,D:\DroidForensix\samples\malware\androzoo_drebin\Opfake_fd743672c95ad558086c799c249811c57463b4cd5b7d2c3610302d68fd6b5b7b.apk
fe1be052250f53b52017499744451c614e4771a392efa37afeb1b4774d861df0,abusech,Banker,yes,high,27,vt_consensus_27,D:\DroidForensix\samples\malware\abusech\fe1be052250f53b52017499744451c614e4771a392efa37afeb1b4774d861df0.apk
fe329c93c8a90149e50f48acaa77702e071290aa58203fc886fead002ff46094,abusech,Agent,yes,high,36,vt_consensus_36,D:\DroidForensix\samples\malware\abusech\fe329c93c8a90149e50f48acaa77702e071290aa58203fc886fead002ff46094.apk
fea09cb621507334ff92f30e0455db20e0de38a86e8b3e38c434340cc4ca2112,modern_eval,General,yes,medium,8,vt_detected_8,D:\DroidForensix\samples\malware\modern_eval\fea09cb621507334ff92f30e0455db20e0de38a86e8b3e38c434340cc4ca2112.apk
ff742233c4d1658056c3d74f6c7edeaa0bb2c9f5c028a7ce152cf5bd6c07365a,abusech,AndroidOS,yes,high,20,vt_consensus_20,D:\DroidForensix\samples\malware\abusech\ff742233c4d1658056c3d74f6c7edeaa0bb2c9f5c028a7ce152cf5bd6c07365a.apk
